track_id,track_path,genre,subgenre,cultural_tag,artist_id,dataset_name,dataset_track_id,checksum,duration,album,year,split,license,source
gtzan_blues_00029,datasets/processed/gtzan_blues_blues.00029.wav,Blues,Blues,Global / Western,gtzan_proxy_blues_007,GTZAN,blues/blues.00029.wav,3b476c42b81a389cb918a1b774952d06d681a94efc4548de2bb2f88ccdcfdbb9,30.01,GTZAN Genre Collection,2002,train,CC-BY-NC-ND / Marsyas Academic Research,GTZAN
gtzan_blues_00030,datasets/processed/gtzan_blues_blues.00030.wav,Blues,Blues,Global / Western,gtzan_proxy_blues_007,GTZAN,blues/blues.00030.wav,cd309fb0ff9ba0c9aa6032d138152b80f7cd0ffe8489db40acf79b3f2b62f0ec,30.01,GTZAN Genre Collection,2002,train,CC-BY-NC-ND / Marsyas Academic Research,GTZAN
gtzan_blues_00031,datasets/processed/gtzan_blues_blues.00031.wav,Blues,Blues,Global / Western,gtzan_proxy_blues_007,GTZAN,blues/blues.00031.wav,28317614f713955fe7011af545eee7e96e09768cdaeebe88143e8e5874df4820,30.01,GTZAN Genre Collection,2002,train,CC-BY-NC-ND / Marsyas Academic Research,GTZAN
gtzan_blues_00032,datasets/processed/gtzan_blues_blues.00032.wav,Blues,Blues,Global / Western,gtzan_proxy_blues_008,GTZAN,blues/blues.00032.wav,b522f33bca55f3d5b788fd63a06f83e57ac580b77ade050949a423057c209098,30.01,GTZAN Genre Collection,2002,train,CC-BY-NC-ND / Marsyas Academic Research,GTZAN
gtzan_blues_00033,datasets/processed/gtzan_blues_blues.00033.wav,Blues,Blues,Global / Western,gtzan_proxy_blues_008,GTZAN,blues/blues.00033.wav,0299478939e7ff062a17f36eb3e98edd5b9623a1eefe079de7cebf5609c329d0,30.01,GTZAN Genre Collection,2002,train,CC-BY-NC-ND / Marsyas Academic Research,GTZAN
gtzan_blues_00034,datasets/processed/gtzan_blues_blues.00034.wav,Blues,Blues,Global / Western,gtzan_proxy_blues_008,GTZAN,blues/blues.00034.wav,a55a453c8fb2ba10e0a1fa1c372de410cde7af00d68310e1d310c4a893e49615,30.01,GTZAN Genre Collection,2002,train,CC-BY-NC-ND / Marsyas Academic Research,GTZAN
gtzan_blues_00035,datasets/processed/gtzan_blues_blues.00035.wav,Blues,Blues,Global / Western,gtzan_proxy_blues_008,GTZAN,blues/blues.00035.wav,f0a86ecfef39f1eb6a62ff4d2d2112b3d9971688ccdca288937bdcdb8df22f13,30.01,GTZAN Genre Collection,2002,train,CC-BY-NC-ND / Marsyas Academic Research,GTZAN
gtzan_blues_00036,datasets/processed/gtzan_blues_blues.00036.wav,Blues,Blues,Global / Western,gtzan_proxy_blues_009,GTZAN,blues/blues.00036.wav,4c648b64244289fbe6ebdb51d14a5da3a25d0285002e068dd1baca22f63cb2a7,30.01,GTZAN Genre Collection,2002,train,CC-BY-NC-ND / Marsyas Academic Research,GTZAN
gtzan_blues_00037,datasets/processed/gtzan_blues_blues.00037.wav,Blues,Blues,Global / Western,gtzan_proxy_blues_009,GTZAN,blues/blues.00037.wav,7227333b508e7f201c32c404aabe56ffe42566113913c82c36afe1b2412dfb38,30.01,GTZAN Genre Collection,2002,train,CC-BY-NC-ND / Marsyas Academic Research,GTZAN
gtzan_blues_00038,datasets/processed/gtzan_blues_blues.00038.wav,Blues,Blues,Global / Western,gtzan_proxy_blues_009,GTZAN,blues/blues.00038.wav,302f5725993b19fe56e2e6bed9cd35fd137ed62572256ca21b135b7a0b3bd4ed,30.01,GTZAN Genre Collection,2002,train,CC-BY-NC-ND / Marsyas Academic Research,GTZAN
gtzan_blues_00039,datasets/processed/gtzan_blues_blues.00039.wav,Blues,Blues,Global / Western,gtzan_proxy_blues_009,GTZAN,blues/blues.00039.wav,51f14b9829f05795b8b044f55ba565302b7cbfb85e2bdd364efc7985f12ba123,30.01,GTZAN Genre Collection,2002,train,CC-BY-NC-ND / Marsyas Academic Research,GTZAN
gtzan_blues_00040,datasets/processed/gtzan_blues_blues.00040.wav,Blues,Blues,Global / Western,gtzan_proxy_blues_010,GTZAN,blues/blues.00040.wav,6eb0c9721306bb7a9e76a6d03a4809bd525131156a6b9f7c1eebd228de15582b,30.01,GTZAN Genre Collection,2002,train,CC-BY-NC-ND / Marsyas Academic Research,GTZAN
gtzan_blues_00041,datasets/processed/gtzan_blues_blues.00041.wav,Blues,Blues,Global / Western,gtzan_proxy_blues_010,GTZAN,blues/blues.00041.wav,89fdc32e7472bf8d7418c38fc10f17915ded8ddde01222e1ddd51ae1edb9c7ae,30.01,GTZAN Genre Collection,2002,train,CC-BY-NC-ND / Marsyas Academic Research,GTZAN
gtzan_blues_00042,datasets/processed/gtzan_blues_blues.00042.wav,Blues,Blues,Global / Western,gtzan_proxy_blues_010,GTZAN,blues/blues.00042.wav,2317f9500dabe053920ee201a2f60f2118ce2dbb76bda409c9104222281ec212,30.01,GTZAN Genre Collection,2002,train,CC-BY-NC-ND / Marsyas Academic Research,GTZAN
gtzan_blues_00043,datasets/processed/gtzan_blues_blues.00043.wav,Blues,Blues,Global / Western,gtzan_proxy_blues_010,GTZAN,blues/blues.00043.wav,ed6dbccd5beadc0c7dfe0b45f084de4e2d9e259711769f79d5dd9904bdc515d8,30.01,GTZAN Genre Collection,2002,train,CC-BY-NC-ND / Marsyas Academic Research,GTZAN
gtzan_blues_00044,datasets/processed/gtzan_blues_blues.00044.wav,Blues,Blues,Global / Western,gtzan_proxy_blues_011,GTZAN,blues/blues.00044.wav,0ad3f74d0ca24d4618ef36529c48078bf25fb043df7ad87da5b33948634e517e,30.01,GTZAN Genre Collection,2002,train,CC-BY-NC-ND / Marsyas Academic Research,GTZAN
gtzan_blues_00045,datasets/processed/gtzan_blues_blues.00045.wav,Blues,Blues,Global / Western,gtzan_proxy_blues_011,GTZAN,blues/blues.00045.wav,aef82731de4687ef809024b61262a9b4722f303baee48669198e23b82090a976,30.01,GTZAN Genre Collection,2002,train,CC-BY-NC-ND / Marsyas Academic Research,GTZAN
gtzan_blues_00046,datasets/processed/gtzan_blues_blues.00046.wav,Blues,Blues,Global / Western,gtzan_proxy_blues_011,GTZAN,blues/blues.00046.wav,7fe97a943d3a1028acc09183a1578a826027d445be8333f6e5c04625ee342705,30.01,GTZAN Genre Collection,2002,train,CC-BY-NC-ND / Marsyas Academic Research,GTZAN
gtzan_blues_00047,datasets/processed/gtzan_blues_blues.00047.wav,Blues,Blues,Global / Western,gtzan_proxy_blues_011,GTZAN,blues/blues.00047.wav,f246ebe8c763f311057d26e00d94ca19fd986308c318451027c7e95eaaa2039a,30.01,GTZAN Genre Collection,2002,train,CC-BY-NC-ND / Marsyas Academic Research,GTZAN
gtzan_blues_00048,datasets/processed/gtzan_blues_blues.00048.wav,Blues,Blues,Global / Western,gtzan_proxy_blues_012,GTZAN,blues/blues.00048.wav,4c82400589e1098a7dcbd88f8cd7070a232403fa08d610952253f575e4c44f47,30.01,GTZAN Genre Collection,2002,train,CC-BY-NC-ND / Marsyas Academic Research,GTZAN
gtzan_blues_00049,datasets/processed/gtzan_blues_blues.00049.wav,Blues,Blues,Global / Western,gtzan_proxy_blues_012,GTZAN,blues/blues.00049.wav,d6f0910a59760500c56b40075265a9a4069bc0ee5667156f7ae795209a0a825a,30.01,GTZAN Genre Collection,2002,train,CC-BY-NC-ND / Marsyas Academic Research,GTZAN
gtzan_blues_00073,datasets/processed/gtzan_blues_blues.00073.wav,Blues,Blues,Global / Western,gtzan_proxy_blues_018,GTZAN,blues/blues.00073.wav,016f3841c356db4f16ad053470b196e53ec630d658e623cbfb57268ccd3cbe3e,30.01,GTZAN Genre Collection,2002,train,CC-BY-NC-ND / Marsyas Academic Research,GTZAN
gtzan_blues_00074,datasets/processed/gtzan_blues_blues.00074.wav,Blues,Blues,Global / Western,gtzan_proxy_blues_018,GTZAN,blues/blues.00074.wav,6b60295b461a6c8d6254486c3d428312b04bc41bf815e0ce7b329dcb96c387d6,30.01,GTZAN Genre Collection,2002,train,CC-BY-NC-ND / Marsyas Academic Research,GTZAN
gtzan_blues_00075,datasets/processed/gtzan_blues_blues.00075.wav,Blues,Blues,Global / Western,gtzan_proxy_blues_018,GTZAN,blues/blues.00075.wav,49da842311fc5921a4e41c6a4f6b01bd64a62e083bbc74e38cf82b00e1b315b9,30.01,GTZAN Genre Collection,2002,train,CC-BY-NC-ND / Marsyas Academic Research,GTZAN
gtzan_blues_00076,datasets/processed/gtzan_blues_blues.00076.wav,Blues,Blues,Global / Western,gtzan_proxy_blues_019,GTZAN,blues/blues.00076.wav,af8d3fefafc0eea0dacdb586817a3d57a7e958d9a4acc5fb18a046f84f8fdf99,30.01,GTZAN Genre Collection,2002,train,CC-BY-NC-ND / Marsyas Academic Research,GTZAN
gtzan_blues_00077,datasets/processed/gtzan_blues_blues.00077.wav,Blues,Blues,Global / Western,gtzan_proxy_blues_019,GTZAN,blues/blues.00077.wav,0e10cdea1851422c4217cde3a2ef8d76947bb0b2c526c94d6bb73440214102fc,30.01,GTZAN Genre Collection,2002,train,CC-BY-NC-ND / Marsyas Academic Research,GTZAN
gtzan_blues_00078,datasets/processed/gtzan_blues_blues.00078.wav,Blues,Blues,Global / Western,gtzan_proxy_blues_019,GTZAN,blues/blues.00078.wav,79faca5dce8d790c4c0526dce99dceea36852f6cdc55ba92884b64aa4d4990aa,30.01,GTZAN Genre Collection,2002,train,CC-BY-NC-ND / Marsyas Academic Research,GTZAN
gtzan_blues_00079,datasets/processed/gtzan_blues_blues.00079.wav,Blues,Blues,Global / Western,gtzan_proxy_blues_019,GTZAN,blues/blues.00079.wav,1613829664e2dede71426d00212533df04e8b590a789c04fee032024d9900a30,30.01,GTZAN Genre Collection,2002,train,CC-BY-NC-ND / Marsyas Academic Research,GTZAN
gtzan_blues_00080,datasets/processed/gtzan_blues_blues.00080.wav,Blues,Blues,Global / Western,gtzan_proxy_blues_020,GTZAN,blues/blues.00080.wav,ed8f31a786a3063dbeb8457c615b948be3d1fa032691a561bb9ff038fbe295a4,30.01,GTZAN Genre Collection,2002,train,CC-BY-NC-ND / Marsyas Academic Research,GTZAN
gtzan_blues_00081,datasets/processed/gtzan_blues_blues.00081.wav,Blues,Blues,Global / Western,gtzan_proxy_blues_020,GTZAN,blues/blues.00081.wav,c8e71252f06bae690a3abdd4b249ab9299a20c07141450963ca380d427ab6bb1,30.01,GTZAN Genre Collection,2002,train,CC-BY-NC-ND / Marsyas Academic Research,GTZAN
gtzan_blues_00082,datasets/processed/gtzan_blues_blues.00082.wav,Blues,Blues,Global / Western,gtzan_proxy_blues_020,GTZAN,blues/blues.00082.wav,294a30f8c0b8bc6d7a57a197825864130c21631d0a498585ae169fa526dbcf88,30.01,GTZAN Genre Collection,2002,train,CC-BY-NC-ND / Marsyas Academic Research,GTZAN
gtzan_blues_00083,datasets/processed/gtzan_blues_blues.00083.wav,Blues,Blues,Global / Western,gtzan_proxy_blues_020,GTZAN,blues/blues.00083.wav,cbe7777e80ccb38141862e936f6750f4ec64b5b8786c877cc385d8800d8a0a73,30.01,GTZAN Genre Collection,2002,train,CC-BY-NC-ND / Marsyas Academic Research,GTZAN
gtzan_blues_00084,datasets/processed/gtzan_blues_blues.00084.wav,Blues,Blues,Global / Western,gtzan_proxy_blues_021,GTZAN,blues/blues.00084.wav,76953ff02fa17eaca455886f207065478db94b08e0e67c27ae906e7c50c2abac,30.01,GTZAN Genre Collection,2002,train,CC-BY-NC-ND / Marsyas Academic Research,GTZAN
gtzan_blues_00085,datasets/processed/gtzan_blues_blues.00085.wav,Blues,Blues,Global / Western,gtzan_proxy_blues_021,GTZAN,blues/blues.00085.wav,42b17f7c9268f790864c003751b4cdb876f05ff1bf5634d22615e3558c1a4d58,30.01,GTZAN Genre Collection,2002,train,CC-BY-NC-ND / Marsyas Academic Research,GTZAN
gtzan_blues_00086,datasets/processed/gtzan_blues_blues.00086.wav,Blues,Blues,Global / Western,gtzan_proxy_blues_021,GTZAN,blues/blues.00086.wav,d64628f6305023939420f962141c8414e7d269efe9c50779f22b8e90be9e8f3f,30.01,GTZAN Genre Collection,2002,train,CC-BY-NC-ND / Marsyas Academic Research,GTZAN
gtzan_blues_00087,datasets/processed/gtzan_blues_blues.00087.wav,Blues,Blues,Global / Western,gtzan_proxy_blues_021,GTZAN,blues/blues.00087.wav,a97c5bb4e3ee1d3c57d02cee8469f877cc426d4bcbf9ab582228feb007aa995e,30.01,GTZAN Genre Collection,2002,train,CC-BY-NC-ND / Marsyas Academic Research,GTZAN
gtzan_blues_00088,datasets/processed/gtzan_blues_blues.00088.wav,Blues,Blues,Global / Western,gtzan_proxy_blues_022,GTZAN,blues/blues.00088.wav,03ad60d8c2615de71467e8976a27ff48a6250ef6f6cf957b455e606b0db3ddfd,30.01,GTZAN Genre Collection,2002,train,CC-BY-NC-ND / Marsyas Academic Research,GTZAN
gtzan_blues_00089,datasets/processed/gtzan_blues_blues.00089.wav,Blues,Blues,Global / Western,gtzan_proxy_blues_022,GTZAN,blues/blues.00089.wav,e4396ab1d06d0b4f5a78ec6da0f3b241beb8e3cee0bc29f624d18d0237eb3562,30.01,GTZAN Genre Collection,2002,train,CC-BY-NC-ND / Marsyas Academic Research,GTZAN
gtzan_blues_00090,datasets/processed/gtzan_blues_blues.00090.wav,Blues,Blues,Global / Western,gtzan_proxy_blues_022,GTZAN,blues/blues.00090.wav,f8ced02e1aaf64d32d41e06e09a84978775704e8b865a8bcc95f8eff650b0ee0,30.01,GTZAN Genre Collection,2002,train,CC-BY-NC-ND / Marsyas Academic Research,GTZAN
gtzan_blues_00091,datasets/processed/gtzan_blues_blues.00091.wav,Blues,Blues,Global / Western,gtzan_proxy_blues_022,GTZAN,blues/blues.00091.wav,8de3d599b3eb76d3d54754103b2fc666bd80ea677483bc1d39ce10aeb1a3b867,30.01,GTZAN Genre Collection,2002,train,CC-BY-NC-ND / Marsyas Academic Research,GTZAN
gtzan_blues_00092,datasets/processed/gtzan_blues_blues.00092.wav,Blues,Blues,Global / Western,gtzan_proxy_blues_023,GTZAN,blues/blues.00092.wav,54245f0d15df278ece97c0f279d11b9f98f062ab907803bd21e58f9d6fe9ee2d,30.01,GTZAN Genre Collection,2002,train,CC-BY-NC-ND / Marsyas Academic Research,GTZAN
gtzan_blues_00093,datasets/processed/gtzan_blues_blues.00093.wav,Blues,Blues,Global / Western,gtzan_proxy_blues_023,GTZAN,blues/blues.00093.wav,1aa60f29eca3742aac5f15baa1ebcb082fe4d3506566403eb7b6c3faa4172a7c,30.01,GTZAN Genre Collection,2002,train,CC-BY-NC-ND / Marsyas Academic Research,GTZAN
gtzan_blues_00094,datasets/processed/gtzan_blues_blues.00094.wav,Blues,Blues,Global / Western,gtzan_proxy_blues_023,GTZAN,blues/blues.00094.wav,260a3385fca8d8095411e783393716f79f4ddde09040e87c6f09dfb1c1b2c3b3,30.01,GTZAN Genre Collection,2002,train,CC-BY-NC-ND / Marsyas Academic Research,GTZAN
gtzan_blues_00095,datasets/processed/gtzan_blues_blues.00095.wav,Blues,Blues,Global / Western,gtzan_proxy_blues_023,GTZAN,blues/blues.00095.wav,7a36f407bf73641df057f09392debbcf9754531a95cca4a5cca5269c6c301d71,30.01,GTZAN Genre Collection,2002,train,CC-BY-NC-ND / Marsyas Academic Research,GTZAN
gtzan_blues_00096,datasets/processed/gtzan_blues_blues.00096.wav,Blues,Blues,Global / Western,gtzan_proxy_blues_024,GTZAN,blues/blues.00096.wav,05b5d89d4a14047d1c42c7385ebf5a52d22ddbf5b0fdf54dab3770cdac3f364b,30.01,GTZAN Genre Collection,2002,train,CC-BY-NC-ND / Marsyas Academic Research,GTZAN
gtzan_blues_00097,datasets/processed/gtzan_blues_blues.00097.wav,Blues,Blues,Global / Western,gtzan_proxy_blues_024,GTZAN,blues/blues.00097.wav,eb9cc36f1df004972af2bedb3962e5b0ca347e9f060a28fa2b9391d05a0d44c6,30.01,GTZAN Genre Collection,2002,train,CC-BY-NC-ND / Marsyas Academic Research,GTZAN
gtzan_classical_00030,datasets/processed/gtzan_classical_classical.00030.wav,Classical,Classical,Global / Western,gtzan_proxy_classical_007,GTZAN,classical/classical.00030.wav,76b3aa95937fd27996de9b465176dfe000bf597dc106ac36ce27d6d04f4f5546,30.01,GTZAN Genre Collection,2002,train,CC-BY-NC-ND / Marsyas Academic Research,GTZAN
gtzan_classical_00031,datasets/processed/gtzan_classical_classical.00031.wav,Classical,Classical,Global / Western,gtzan_proxy_classical_007,GTZAN,classical/classical.00031.wav,b219c51776566163609271513dbf0f59a4248ea4b2457461717896c64c2d511e,30.01,GTZAN Genre Collection,2002,train,CC-BY-NC-ND / Marsyas Academic Research,GTZAN
gtzan_classical_00032,datasets/processed/gtzan_classical_classical.00032.wav,Classical,Classical,Global / Western,gtzan_proxy_classical_008,GTZAN,classical/classical.00032.wav,90267a102102bd58026a98c5354c2f6aa83d95fe9bd357a3b7a28abe2af41bd1,30.01,GTZAN Genre Collection,2002,train,CC-BY-NC-ND / Marsyas Academic Research,GTZAN
gtzan_classical_00033,datasets/processed/gtzan_classical_classical.00033.wav,Classical,Classical,Global / Western,gtzan_proxy_classical_008,GTZAN,classical/classical.00033.wav,762ceb227d4f8bef4e98fcfbcd075fff2d3ec425c318c142bafe6078a227cc17,30.01,GTZAN Genre Collection,2002,train,CC-BY-NC-ND / Marsyas Academic Research,GTZAN
gtzan_classical_00043,datasets/processed/gtzan_classical_classical.00043.wav,Classical,Classical,Global / Western,gtzan_proxy_classical_010,GTZAN,classical/classical.00043.wav,cc34379ec1ad2883fd3639f0f5d6306308b729621c4220f2a80dd5b6fe3c7280,30.01,GTZAN Genre Collection,2002,train,CC-BY-NC-ND / Marsyas Academic Research,GTZAN
gtzan_classical_00044,datasets/processed/gtzan_classical_classical.00044.wav,Classical,Classical,Global / Western,gtzan_proxy_classical_011,GTZAN,classical/classical.00044.wav,6e8a94fffa2c3aa047bd51ada9d030b7ca5509b5174fc67e8237d6c61df80180,30.01,GTZAN Genre Collection,2002,train,CC-BY-NC-ND / Marsyas Academic Research,GTZAN
gtzan_classical_00045,datasets/processed/gtzan_classical_classical.00045.wav,Classical,Classical,Global / Western,gtzan_proxy_classical_011,GTZAN,classical/classical.00045.wav,1e01a69a6d1f52685fcf1ff0624b932237a9cef5f1663cccb67e5a044d14b3c5,30.17,GTZAN Genre Collection,2002,train,CC-BY-NC-ND / Marsyas Academic Research,GTZAN
gtzan_classical_00046,datasets/processed/gtzan_classical_classical.00046.wav,Classical,Classical,Global / Western,gtzan_proxy_classical_011,GTZAN,classical/classical.00046.wav,f200cc402da0b235f07f0b264cd69bc18dbf11ae0d66ba99900c1dacad7fa510,30.01,GTZAN Genre Collection,2002,train,CC-BY-NC-ND / Marsyas Academic Research,GTZAN
gtzan_classical_00047,datasets/processed/gtzan_classical_classical.00047.wav,Classical,Classical,Global / Western,gtzan_proxy_classical_011,GTZAN,classical/classical.00047.wav,e6895a61c0d087a99efbc9f745b1a1f2621ff8b3e76771f6156b90db1c0438c3,30.01,GTZAN Genre Collection,2002,train,CC-BY-NC-ND / Marsyas Academic Research,GTZAN
gtzan_classical_00048,datasets/processed/gtzan_classical_classical.00048.wav,Classical,Classical,Global / Western,gtzan_proxy_classical_012,GTZAN,classical/classical.00048.wav,9eb46b41bf4c1111e113b960800be0e7ef94cd9cb667057c8d7b81e2414bf5c9,30.09,GTZAN Genre Collection,2002,train,CC-BY-NC-ND / Marsyas Academic Research,GTZAN
gtzan_classical_00050,datasets/processed/gtzan_classical_classical.00050.wav,Classical,Classical,Global / Western,gtzan_proxy_classical_012,GTZAN,classical/classical.00050.wav,5abf1853afa72f85855bd4e32e20440aa2f6de3ebefcbb8e5e8d2d60eaf0554c,30.01,GTZAN Genre Collection,2002,train,CC-BY-NC-ND / Marsyas Academic Research,GTZAN
gtzan_classical_00051,datasets/processed/gtzan_classical_classical.00051.wav,Classical,Classical,Global / Western,gtzan_proxy_classical_012,GTZAN,classical/classical.00051.wav,78da5add42785da2d1d427d43ed8a056dc94cfc801d371e7b759ea3fb63b2076,29.99,GTZAN Genre Collection,2002,train,CC-BY-NC-ND / Marsyas Academic Research,GTZAN
gtzan_classical_00052,datasets/processed/gtzan_classical_classical.00052.wav,Classical,Classical,Global / Western,gtzan_proxy_classical_013,GTZAN,classical/classical.00052.wav,3be95521a35f65167ce17d661871d6324ca62ebeb5d2da098aee8cd61d794369,30.01,GTZAN Genre Collection,2002,train,CC-BY-NC-ND / Marsyas Academic Research,GTZAN
gtzan_classical_00053,datasets/processed/gtzan_classical_classical.00053.wav,Classical,Classical,Global / Western,gtzan_proxy_classical_013,GTZAN,classical/classical.00053.wav,24305a32e1685960a5bae1df97d651330b4aeaaa3cc8c50b82ee637d0e0e98b9,30.39,GTZAN Genre Collection,2002,train,CC-BY-NC-ND / Marsyas Academic Research,GTZAN
gtzan_classical_00054,datasets/processed/gtzan_classical_classical.00054.wav,Classical,Classical,Global / Western,gtzan_proxy_classical_013,GTZAN,classical/classical.00054.wav,238f1446887671a1d46415cdea18a008a7c5f8a4cf2032a1766b6c7951d510fe,30.49,GTZAN Genre Collection,2002,train,CC-BY-NC-ND / Marsyas Academic Research,GTZAN
gtzan_classical_00055,datasets/processed/gtzan_classical_classical.00055.wav,Classical,Classical,Global / Western,gtzan_proxy_classical_013,GTZAN,classical/classical.00055.wav,090cedff56c3254ef7d46f58e5e01283bccaae7d675290807d79ad00d2f9e497,30.01,GTZAN Genre Collection,2002,train,CC-BY-NC-ND / Marsyas Academic Research,GTZAN
gtzan_classical_00056,datasets/processed/gtzan_classical_classical.00056.wav,Classical,Classical,Global / Western,gtzan_proxy_classical_014,GTZAN,classical/classical.00056.wav,080adcd52f884ae4536113063050a3240181aa2c8467e279e4a0a1cf625f5610,30.07,GTZAN Genre Collection,2002,train,CC-BY-NC-ND / Marsyas Academic Research,GTZAN
gtzan_classical_00057,datasets/processed/gtzan_classical_classical.00057.wav,Classical,Classical,Global / Western,gtzan_proxy_classical_014,GTZAN,classical/classical.00057.wav,602680de6b137ccbb0ce53e1445e7f7d32ddaa214515214d6ba43bead631fdcb,30.01,GTZAN Genre Collection,2002,train,CC-BY-NC-ND / Marsyas Academic Research,GTZAN
gtzan_classical_00058,datasets/processed/gtzan_classical_classical.00058.wav,Classical,Classical,Global / Western,gtzan_proxy_classical_014,GTZAN,classical/classical.00058.wav,e489a76db71fa7916dd7fb503c5e190d8e514733ca3477b070455c558a998f8c,30.01,GTZAN Genre Collection,2002,train,CC-BY-NC-ND / Marsyas Academic Research,GTZAN
gtzan_classical_00059,datasets/processed/gtzan_classical_classical.00059.wav,Classical,Classical,Global / Western,gtzan_proxy_classical_014,GTZAN,classical/classical.00059.wav,80ea6f1aa1d5f292076752abff814d91ba67fd92180f84539120ed012d98bcef,30.01,GTZAN Genre Collection,2002,train,CC-BY-NC-ND / Marsyas Academic Research,GTZAN
gtzan_classical_00060,datasets/processed/gtzan_classical_classical.00060.wav,Classical,Classical,Global / Western,gtzan_proxy_classical_015,GTZAN,classical/classical.00060.wav,26eb36c4615248a2ac7cc8fc46ccfc97c39a3556a6888e9e73f7984e9c70ff76,30.01,GTZAN Genre Collection,2002,train,CC-BY-NC-ND / Marsyas Academic Research,GTZAN
gtzan_classical_00061,datasets/processed/gtzan_classical_classical.00061.wav,Classical,Classical,Global / Western,gtzan_proxy_classical_015,GTZAN,classical/classical.00061.wav,368d9e3057158af732370af9c46816c53c5ba886f3cf7eccb3921183a7bb2984,30.01,GTZAN Genre Collection,2002,train,CC-BY-NC-ND / Marsyas Academic Research,GTZAN
gtzan_classical_00062,datasets/processed/gtzan_classical_classical.00062.wav,Classical,Classical,Global / Western,gtzan_proxy_classical_015,GTZAN,classical/classical.00062.wav,ded08db52ce8be2e9a24102b578cedf9fb66e90cebcd0589d8d780c025e268a3,30.01,GTZAN Genre Collection,2002,train,CC-BY-NC-ND / Marsyas Academic Research,GTZAN
gtzan_classical_00063,datasets/processed/gtzan_classical_classical.00063.wav,Classical,Classical,Global / Western,gtzan_proxy_classical_015,GTZAN,classical/classical.00063.wav,865ad605159870572c618c871fd5f874f67256dc1f12e849cf83dda4f421c133,30.01,GTZAN Genre Collection,2002,train,CC-BY-NC-ND / Marsyas Academic Research,GTZAN
gtzan_classical_00064,datasets/processed/gtzan_classical_classical.00064.wav,Classical,Classical,Global / Western,gtzan_proxy_classical_016,GTZAN,classical/classical.00064.wav,e99213542153e6f9d301352338867593790328724b3beb60aeb456de7c7677d1,30.01,GTZAN Genre Collection,2002,train,CC-BY-NC-ND / Marsyas Academic Research,GTZAN
gtzan_classical_00065,datasets/processed/gtzan_classical_classical.00065.wav,Classical,Classical,Global / Western,gtzan_proxy_classical_016,GTZAN,classical/classical.00065.wav,05ec3b71347211803d340c08a55467ab854c92678e1127f1165854091480a79c,30.01,GTZAN Genre Collection,2002,train,CC-BY-NC-ND / Marsyas Academic Research,GTZAN
gtzan_classical_00066,datasets/processed/gtzan_classical_classical.00066.wav,Classical,Classical,Global / Western,gtzan_proxy_classical_016,GTZAN,classical/classical.00066.wav,941b35ca3e417d0ba8a5e13e819812e9c8eadad5393a7bb97774ad4f453f0a9d,30.01,GTZAN Genre Collection,2002,train,CC-BY-NC-ND / Marsyas Academic Research,GTZAN
gtzan_classical_00067,datasets/processed/gtzan_classical_classical.00067.wav,Classical,Classical,Global / Western,gtzan_proxy_classical_016,GTZAN,classical/classical.00067.wav,565115abe991d76240fad183c8531eb32203233f68a4c05e2b1182cd9f9b38ba,30.01,GTZAN Genre Collection,2002,train,CC-BY-NC-ND / Marsyas Academic Research,GTZAN
gtzan_classical_00080,datasets/processed/gtzan_classical_classical.00080.wav,Classical,Classical,Global / Western,gtzan_proxy_classical_020,GTZAN,classical/classical.00080.wav,c6684d26a7b50dff825d0472e551780fd08970eab0ff61c8b013a5f7f1f1ea19,30.01,GTZAN Genre Collection,2002,train,CC-BY-NC-ND / Marsyas Academic Research,GTZAN
gtzan_classical_00081,datasets/processed/gtzan_classical_classical.00081.wav,Classical,Classical,Global / Western,gtzan_proxy_classical_020,GTZAN,classical/classical.00081.wav,f7a77504bba878ace543c3e9819a6ee3194da1120c0ff3c1422b2b06cd2d29d7,30.01,GTZAN Genre Collection,2002,train,CC-BY-NC-ND / Marsyas Academic Research,GTZAN
gtzan_classical_00082,datasets/processed/gtzan_classical_classical.00082.wav,Classical,Classical,Global / Western,gtzan_proxy_classical_020,GTZAN,classical/classical.00082.wav,d57eaed85c507e1735f6b2e92f76650afdf8808a9a0fb8212b6360883e99ed19,30.01,GTZAN Genre Collection,2002,train,CC-BY-NC-ND / Marsyas Academic Research,GTZAN
gtzan_classical_00083,datasets/processed/gtzan_classical_classical.00083.wav,Classical,Classical,Global / Western,gtzan_proxy_classical_020,GTZAN,classical/classical.00083.wav,742f7e38ecb1187c1dc42dcfddb7ae17e4e5d98a4f01884bb376f9fd685cb83a,30.01,GTZAN Genre Collection,2002,train,CC-BY-NC-ND / Marsyas Academic Research,GTZAN
gtzan_classical_00084,datasets/processed/gtzan_classical_classical.00084.wav,Classical,Classical,Global / Western,gtzan_proxy_classical_021,GTZAN,classical/classical.00084.wav,3e929813e41e81cda41ae7e671f6abd6a9596c5e2f1a4d2728767d6eca2491b6,30.01,GTZAN Genre Collection,2002,train,CC-BY-NC-ND / Marsyas Academic Research,GTZAN
gtzan_classical_00085,datasets/processed/gtzan_classical_classical.00085.wav,Classical,Classical,Global / Western,gtzan_proxy_classical_021,GTZAN,classical/classical.00085.wav,53d733f36b11234fe26e0712965231a04c63f8f453b509a97ec8b6dc04ea4804,30.01,GTZAN Genre Collection,2002,train,CC-BY-NC-ND / Marsyas Academic Research,GTZAN
gtzan_classical_00086,datasets/processed/gtzan_classical_classical.00086.wav,Classical,Classical,Global / Western,gtzan_proxy_classical_021,GTZAN,classical/classical.00086.wav,4f457c1110085be69f4a6cc8465e6e2af5d482b8ae70a110fabc021d0626514d,30.01,GTZAN Genre Collection,2002,train,CC-BY-NC-ND / Marsyas Academic Research,GTZAN
gtzan_classical_00087,datasets/processed/gtzan_classical_classical.00087.wav,Classical,Classical,Global / Western,gtzan_proxy_classical_021,GTZAN,classical/classical.00087.wav,f0f3eae497c15ee9f73fb0b29bba775024ad42deb8741c9bf368b3b39bb06110,30.01,GTZAN Genre Collection,2002,train,CC-BY-NC-ND / Marsyas Academic Research,GTZAN
gtzan_classical_00088,datasets/processed/gtzan_classical_classical.00088.wav,Classical,Classical,Global / Western,gtzan_proxy_classical_022,GTZAN,classical/classical.00088.wav,77a166b6f514f3e942926ef2e67f8c4ec098908383285213fc38f26078beae4a,30.01,GTZAN Genre Collection,2002,train,CC-BY-NC-ND / Marsyas Academic Research,GTZAN
gtzan_classical_00089,datasets/processed/gtzan_classical_classical.00089.wav,Classical,Classical,Global / Western,gtzan_proxy_classical_022,GTZAN,classical/classical.00089.wav,eb97cb339feb9edf375d802486d372dfe311aaf3241dbeb066a176ed51c7373a,30.01,GTZAN Genre Collection,2002,train,CC-BY-NC-ND / Marsyas Academic Research,GTZAN
gtzan_classical_00090,datasets/processed/gtzan_classical_classical.00090.wav,Classical,Classical,Global / Western,gtzan_proxy_classical_022,GTZAN,classical/classical.00090.wav,d140b309e697627c448a15e0a5f53964ab5521b3301132a6658c353b76fde812,30.01,GTZAN Genre Collection,2002,train,CC-BY-NC-ND / Marsyas Academic Research,GTZAN
gtzan_classical_00091,datasets/processed/gtzan_classical_classical.00091.wav,Classical,Classical,Global / Western,gtzan_proxy_classical_022,GTZAN,classical/classical.00091.wav,88d5429d98844f92d47612243480c5b0769222a4e13fde2f9540705c2db6a1e5,30.01,GTZAN Genre Collection,2002,train,CC-BY-NC-ND / Marsyas Academic Research,GTZAN
gtzan_classical_00092,datasets/processed/gtzan_classical_classical.00092.wav,Classical,Classical,Global / Western,gtzan_proxy_classical_023,GTZAN,classical/classical.00092.wav,b4ad64b5c62443e321de2ca3006d18e86197456627a321ea51f444f3b2c45b24,30.01,GTZAN Genre Collection,2002,train,CC-BY-NC-ND / Marsyas Academic Research,GTZAN
gtzan_classical_00093,datasets/processed/gtzan_classical_classical.00093.wav,Classical,Classical,Global / Western,gtzan_proxy_classical_023,GTZAN,classical/classical.00093.wav,86015c8295f70b11f2633617f7756f2936e335a931025828b1c7973b71342058,30.01,GTZAN Genre Collection,2002,train,CC-BY-NC-ND / Marsyas Academic Research,GTZAN
gtzan_classical_00094,datasets/processed/gtzan_classical_classical.00094.wav,Classical,Classical,Global / Western,gtzan_proxy_classical_023,GTZAN,classical/classical.00094.wav,3587791090d2d3c419046d3e76bd77ad822746002d8e54f16ccc4ced039cd34d,30.01,GTZAN Genre Collection,2002,train,CC-BY-NC-ND / Marsyas Academic Research,GTZAN
gtzan_classical_00095,datasets/processed/gtzan_classical_classical.00095.wav,Classical,Classical,Global / Western,gtzan_proxy_classical_023,GTZAN,classical/classical.00095.wav,9900bd2cc1e85c8379140a87d31625979078a445fa7bb919a36d84e379d5edaa,30.01,GTZAN Genre Collection,2002,train,CC-BY-NC-ND / Marsyas Academic Research,GTZAN
gtzan_classical_00096,datasets/processed/gtzan_classical_classical.00096.wav,Classical,Classical,Global / Western,gtzan_proxy_classical_024,GTZAN,classical/classical.00096.wav,85da111e98f8e1d6762031b784d2daede8fef803599760625dd56db685ac23cd,30.01,GTZAN Genre Collection,2002,train,CC-BY-NC-ND / Marsyas Academic Research,GTZAN
gtzan_classical_00097,datasets/processed/gtzan_classical_classical.00097.wav,Classical,Classical,Global / Western,gtzan_proxy_classical_024,GTZAN,classical/classical.00097.wav,ca404f40fcb23ddd1246e9a2babfae8c225499ced69d7e16e68498503e5e700d,30.01,GTZAN Genre Collection,2002,train,CC-BY-NC-ND / Marsyas Academic Research,GTZAN
gtzan_classical_00098,datasets/processed/gtzan_classical_classical.00098.wav,Classical,Classical,Global / Western,gtzan_proxy_classical_024,GTZAN,classical/classical.00098.wav,a251d02a752f338e21ab359f7b07daeb5139f10baf4d326f7d994be622232445,30.01,GTZAN Genre Collection,2002,train,CC-BY-NC-ND / Marsyas Academic Research,GTZAN
gtzan_classical_00099,datasets/processed/gtzan_classical_classical.00099.wav,Classical,Classical,Global / Western,gtzan_proxy_classical_024,GTZAN,classical/classical.00099.wav,312d37971c2baeed5ba516016cd10a2480daa04ce52e4f5bc41001e74aaa5c27,30.01,GTZAN Genre Collection,2002,train,CC-BY-NC-ND / Marsyas Academic Research,GTZAN
gtzan_country_00019,datasets/processed/gtzan_country_country.00019.wav,Country,Country,Global / Western,gtzan_proxy_country_004,GTZAN,country/country.00019.wav,451791ad355ba21719586dc934f046b5dd9a7b5d4ce6e56a9a11dcba25067f94,30.01,GTZAN Genre Collection,2002,train,CC-BY-NC-ND / Marsyas Academic Research,GTZAN
gtzan_country_00020,datasets/processed/gtzan_country_country.00020.wav,Country,Country,Global / Western,gtzan_proxy_country_005,GTZAN,country/country.00020.wav,dc68c0f51d8ccb084246bfa26d5c0ad730452fdcb162a6b6b1da0a5b73d7493b,30.01,GTZAN Genre Collection,2002,train,CC-BY-NC-ND / Marsyas Academic Research,GTZAN
gtzan_country_00021,datasets/processed/gtzan_country_country.00021.wav,Country,Country,Global / Western,gtzan_proxy_country_005,GTZAN,country/country.00021.wav,3a82a70830403d837bc6c0d731662f68adac77fb6b7edc435ddeda36f685fc27,30.01,GTZAN Genre Collection,2002,train,CC-BY-NC-ND / Marsyas Academic Research,GTZAN
gtzan_country_00022,datasets/processed/gtzan_country_country.00022.wav,Country,Country,Global / Western,gtzan_proxy_country_005,GTZAN,country/country.00022.wav,53a34e0c711077d06377950dec7eecfb62e3a2334597ea0ac3cefba1e35f5144,30.01,GTZAN Genre Collection,2002,train,CC-BY-NC-ND / Marsyas Academic Research,GTZAN
gtzan_country_00023,datasets/processed/gtzan_country_country.00023.wav,Country,Country,Global / Western,gtzan_proxy_country_005,GTZAN,country/country.00023.wav,bec3a663c51be9090938142f7e5bcfb6f467c84781f6bb0e900a5b07d8f3c349,30.01,GTZAN Genre Collection,2002,train,CC-BY-NC-ND / Marsyas Academic Research,GTZAN
gtzan_country_00024,datasets/processed/gtzan_country_country.00024.wav,Country,Country,Global / Western,gtzan_proxy_country_006,GTZAN,country/country.00024.wav,ae16468ddf1af54283414e7912619e4b4a56283ea3d790118e012841f56ef6ba,30.01,GTZAN Genre Collection,2002,train,CC-BY-NC-ND / Marsyas Academic Research,GTZAN
gtzan_country_00025,datasets/processed/gtzan_country_country.00025.wav,Country,Country,Global / Western,gtzan_proxy_country_006,GTZAN,country/country.00025.wav,9daf2c9a00868f585420bca49b820814238033b2f7bacd36b2f860ff2a09eff0,30.01,GTZAN Genre Collection,2002,train,CC-BY-NC-ND / Marsyas Academic Research,GTZAN
gtzan_country_00026,datasets/processed/gtzan_country_country.00026.wav,Country,Country,Global / Western,gtzan_proxy_country_006,GTZAN,country/country.00026.wav,842541ad8c9bc69b7c53df45450a702e0a9f3091ce45a01364a9f3df82ab1f65,30.01,GTZAN Genre Collection,2002,train,CC-BY-NC-ND / Marsyas Academic Research,GTZAN
gtzan_country_00028,datasets/processed/gtzan_country_country.00028.wav,Country,Country,Global / Western,gtzan_proxy_country_007,GTZAN,country/country.00028.wav,100e1e562ccb24bd424d544f358ab8a9df136272fa3ac8d3281414bdd42ad89b,30.01,GTZAN Genre Collection,2002,train,CC-BY-NC-ND / Marsyas Academic Research,GTZAN
gtzan_country_00029,datasets/processed/gtzan_country_country.00029.wav,Country,Country,Global / Western,gtzan_proxy_country_007,GTZAN,country/country.00029.wav,5ce5b41915a0e81485a35b7cf21193311762457dcb67841b2ad2042de967a620,30.01,GTZAN Genre Collection,2002,train,CC-BY-NC-ND / Marsyas Academic Research,GTZAN
gtzan_country_00065,datasets/processed/gtzan_country_country.00065.wav,Country,Country,Global / Western,gtzan_proxy_country_016,GTZAN,country/country.00065.wav,15d8e8dbe9c68af09be2ea5d3db9ba1be07840a0a24bf6f8dde5d78bbc1dc5a8,30.01,GTZAN Genre Collection,2002,train,CC-BY-NC-ND / Marsyas Academic Research,GTZAN
gtzan_country_00066,datasets/processed/gtzan_country_country.00066.wav,Country,Country,Global / Western,gtzan_proxy_country_016,GTZAN,country/country.00066.wav,f93d36bb8ae0b4f4cfae721f304d8b8008833b18f383e5843b1520bbb3348af3,30.01,GTZAN Genre Collection,2002,train,CC-BY-NC-ND / Marsyas Academic Research,GTZAN
gtzan_country_00067,datasets/processed/gtzan_country_country.00067.wav,Country,Country,Global / Western,gtzan_proxy_country_016,GTZAN,country/country.00067.wav,89ca22c1d66b9133c0261c68e6839c30bbfe54b36d60ea5212898e235fe83ef8,30.01,GTZAN Genre Collection,2002,train,CC-BY-NC-ND / Marsyas Academic Research,GTZAN
gtzan_country_00068,datasets/processed/gtzan_country_country.00068.wav,Country,Country,Global / Western,gtzan_proxy_country_017,GTZAN,country/country.00068.wav,42d96041f03f98241fbf652b9dfd32f2b41ba6dd9917f366bfe9bd2a2f7192a6,30.01,GTZAN Genre Collection,2002,train,CC-BY-NC-ND / Marsyas Academic Research,GTZAN
gtzan_country_00069,datasets/processed/gtzan_country_country.00069.wav,Country,Country,Global / Western,gtzan_proxy_country_017,GTZAN,country/country.00069.wav,bd1073c137f88cffb001aa86aaa529a5452fd9cfd48037fde2a55fe43e8038dc,30.01,GTZAN Genre Collection,2002,train,CC-BY-NC-ND / Marsyas Academic Research,GTZAN
gtzan_country_00070,datasets/processed/gtzan_country_country.00070.wav,Country,Country,Global / Western,gtzan_proxy_country_017,GTZAN,country/country.00070.wav,a6d6a38e9a94f6929176b519827843d656e01918634bef13450d41875db90c9d,30.01,GTZAN Genre Collection,2002,train,CC-BY-NC-ND / Marsyas Academic Research,GTZAN
gtzan_country_00071,datasets/processed/gtzan_country_country.00071.wav,Country,Country,Global / Western,gtzan_proxy_country_017,GTZAN,country/country.00071.wav,c9aa21b0b8f360512a8a8ff43b96dee5d5fc12e414d5df9ca7a82a541c227557,30.01,GTZAN Genre Collection,2002,train,CC-BY-NC-ND / Marsyas Academic Research,GTZAN
gtzan_country_00072,datasets/processed/gtzan_country_country.00072.wav,Country,Country,Global / Western,gtzan_proxy_country_018,GTZAN,country/country.00072.wav,9f722cdec2111e0643a7a3ba521ac37b4cc19b9fb14e9cb9f8f1650b19ef9492,30.01,GTZAN Genre Collection,2002,train,CC-BY-NC-ND / Marsyas Academic Research,GTZAN
gtzan_country_00073,datasets/processed/gtzan_country_country.00073.wav,Country,Country,Global / Western,gtzan_proxy_country_018,GTZAN,country/country.00073.wav,5f5b40d728f26fef44b3a48d027ef31da413840a622d514aee4ef2ff5fe6b4cf,30.01,GTZAN Genre Collection,2002,train,CC-BY-NC-ND / Marsyas Academic Research,GTZAN
gtzan_country_00074,datasets/processed/gtzan_country_country.00074.wav,Country,Country,Global / Western,gtzan_proxy_country_018,GTZAN,country/country.00074.wav,ec454822e3a82c10be4113f170e7561b2b94daa9f77b986a4a35252b1007a4c8,30.01,GTZAN Genre Collection,2002,train,CC-BY-NC-ND / Marsyas Academic Research,GTZAN
gtzan_country_00075,datasets/processed/gtzan_country_country.00075.wav,Country,Country,Global / Western,gtzan_proxy_country_018,GTZAN,country/country.00075.wav,6c25264bfee51e4e7a050c7aeb0f9920e23518bf87d3f059abb58082f05bfee0,30.01,GTZAN Genre Collection,2002,train,CC-BY-NC-ND / Marsyas Academic Research,GTZAN
gtzan_country_00076,datasets/processed/gtzan_country_country.00076.wav,Country,Country,Global / Western,gtzan_proxy_country_019,GTZAN,country/country.00076.wav,9b529aa58118abe96bff10e0921b6baff62bb5e0a2aa5093e903097ddfe3690f,30.01,GTZAN Genre Collection,2002,train,CC-BY-NC-ND / Marsyas Academic Research,GTZAN
gtzan_country_00077,datasets/processed/gtzan_country_country.00077.wav,Country,Country,Global / Western,gtzan_proxy_country_019,GTZAN,country/country.00077.wav,9ab6684afe9f200bd01e79b7297cdb0aac4386d2b7f3fd7d01867db11b5bd0e6,30.01,GTZAN Genre Collection,2002,train,CC-BY-NC-ND / Marsyas Academic Research,GTZAN
gtzan_country_00078,datasets/processed/gtzan_country_country.00078.wav,Country,Country,Global / Western,gtzan_proxy_country_019,GTZAN,country/country.00078.wav,0a505fce4d5e41b926929b21b432ab1605392e88c8e8325c0c2e10779b772d99,30.01,GTZAN Genre Collection,2002,train,CC-BY-NC-ND / Marsyas Academic Research,GTZAN
gtzan_country_00079,datasets/processed/gtzan_country_country.00079.wav,Country,Country,Global / Western,gtzan_proxy_country_019,GTZAN,country/country.00079.wav,ddca3ad109a9f7688f942be78f1ac741144d8fb0cbb542787ab358ebc6fd4041,30.01,GTZAN Genre Collection,2002,train,CC-BY-NC-ND / Marsyas Academic Research,GTZAN
gtzan_country_00080,datasets/processed/gtzan_country_country.00080.wav,Country,Country,Global / Western,gtzan_proxy_country_020,GTZAN,country/country.00080.wav,fb241e3a6e7c43ad8701f7d7a2bb00de732deff9e7c13c3f72ea157e35f6a0f7,30.01,GTZAN Genre Collection,2002,train,CC-BY-NC-ND / Marsyas Academic Research,GTZAN
gtzan_country_00081,datasets/processed/gtzan_country_country.00081.wav,Country,Country,Global / Western,gtzan_proxy_country_020,GTZAN,country/country.00081.wav,5f409549ba52a21e9d8ecae625472de4a1b6498aaef081658d0cf2838c4bd3b5,30.01,GTZAN Genre Collection,2002,train,CC-BY-NC-ND / Marsyas Academic Research,GTZAN
gtzan_country_00082,datasets/processed/gtzan_country_country.00082.wav,Country,Country,Global / Western,gtzan_proxy_country_020,GTZAN,country/country.00082.wav,2af95a493fffd6622cb860ebc0a23a501a77db61472d77bcd6c308085df89ea4,30.01,GTZAN Genre Collection,2002,train,CC-BY-NC-ND / Marsyas Academic Research,GTZAN
gtzan_country_00083,datasets/processed/gtzan_country_country.00083.wav,Country,Country,Global / Western,gtzan_proxy_country_020,GTZAN,country/country.00083.wav,04e055d40c2d43aa42597d55d29ea659c0ac883206b9561abdcf9b0dbd6fe9dc,30.01,GTZAN Genre Collection,2002,train,CC-BY-NC-ND / Marsyas Academic Research,GTZAN
gtzan_country_00084,datasets/processed/gtzan_country_country.00084.wav,Country,Country,Global / Western,gtzan_proxy_country_021,GTZAN,country/country.00084.wav,1e8936e944f49b4a02153172a599e35487606b90e3057e7c3ab8d091fce7a298,30.01,GTZAN Genre Collection,2002,train,CC-BY-NC-ND / Marsyas Academic Research,GTZAN
gtzan_country_00085,datasets/processed/gtzan_country_country.00085.wav,Country,Country,Global / Western,gtzan_proxy_country_021,GTZAN,country/country.00085.wav,4c92e5b36c85724eeadd59639b739ee7392fd7b673f40374cc3ab3437bbe0e01,30.01,GTZAN Genre Collection,2002,train,CC-BY-NC-ND / Marsyas Academic Research,GTZAN
gtzan_country_00086,datasets/processed/gtzan_country_country.00086.wav,Country,Country,Global / Western,gtzan_proxy_country_021,GTZAN,country/country.00086.wav,6c75b311c271c86769a6e364f8b7a357cf8ab60893a783e3a044509b5e43ea0b,30.01,GTZAN Genre Collection,2002,train,CC-BY-NC-ND / Marsyas Academic Research,GTZAN
gtzan_country_00087,datasets/processed/gtzan_country_country.00087.wav,Country,Country,Global / Western,gtzan_proxy_country_021,GTZAN,country/country.00087.wav,0891d43502d263fb2182b63d29c7fd340f372945b8e61be8cbd805e9fd162796,30.01,GTZAN Genre Collection,2002,train,CC-BY-NC-ND / Marsyas Academic Research,GTZAN
gtzan_country_00088,datasets/processed/gtzan_country_country.00088.wav,Country,Country,Global / Western,gtzan_proxy_country_022,GTZAN,country/country.00088.wav,b47ce166c5545367ede27605ce2122c2168d3ae1889dcb3abfc1567d51d520d7,30.01,GTZAN Genre Collection,2002,train,CC-BY-NC-ND / Marsyas Academic Research,GTZAN
gtzan_country_00089,datasets/processed/gtzan_country_country.00089.wav,Country,Country,Global / Western,gtzan_proxy_country_022,GTZAN,country/country.00089.wav,b87cee0ca14bfb2e9d4f7d4a495a6aceda688751b6a2cce4aebb38c563a4809a,30.01,GTZAN Genre Collection,2002,train,CC-BY-NC-ND / Marsyas Academic Research,GTZAN
gtzan_country_00090,datasets/processed/gtzan_country_country.00090.wav,Country,Country,Global / Western,gtzan_proxy_country_022,GTZAN,country/country.00090.wav,bd8646024c608ff96e8b84b595512d82da559699048c9ad29765e6d71f67cf40,30.01,GTZAN Genre Collection,2002,train,CC-BY-NC-ND / Marsyas Academic Research,GTZAN
gtzan_country_00091,datasets/processed/gtzan_country_country.00091.wav,Country,Country,Global / Western,gtzan_proxy_country_022,GTZAN,country/country.00091.wav,5a763f808ff26dc35dd281fc7e8bd47cb5c395113b42818d71f0287835ee6884,30.01,GTZAN Genre Collection,2002,train,CC-BY-NC-ND / Marsyas Academic Research,GTZAN
gtzan_country_00092,datasets/processed/gtzan_country_country.00092.wav,Country,Country,Global / Western,gtzan_proxy_country_023,GTZAN,country/country.00092.wav,1bb32f0f4cff882c729eb37ad2f57f4abca173789a937a7bcf407f0544e016b0,30.01,GTZAN Genre Collection,2002,train,CC-BY-NC-ND / Marsyas Academic Research,GTZAN
gtzan_country_00093,datasets/processed/gtzan_country_country.00093.wav,Country,Country,Global / Western,gtzan_proxy_country_023,GTZAN,country/country.00093.wav,b380c785dc5c25bf29c9b5a6b141fb8d9fcc195c5dfc8cea8d30bf7148b4b7a4,30.01,GTZAN Genre Collection,2002,train,CC-BY-NC-ND / Marsyas Academic Research,GTZAN
gtzan_country_00094,datasets/processed/gtzan_country_country.00094.wav,Country,Country,Global / Western,gtzan_proxy_country_023,GTZAN,country/country.00094.wav,2749fa309572991adab5292b9576ca489796f1843c0e4daf14ec492d6e11c2f0,30.01,GTZAN Genre Collection,2002,train,CC-BY-NC-ND / Marsyas Academic Research,GTZAN
gtzan_country_00095,datasets/processed/gtzan_country_country.00095.wav,Country,Country,Global / Western,gtzan_proxy_country_023,GTZAN,country/country.00095.wav,c0a19068802dd48b1be9b406b3b3b72417c7e67c995850423a9f61a496dd0afb,30.01,GTZAN Genre Collection,2002,train,CC-BY-NC-ND / Marsyas Academic Research,GTZAN
gtzan_country_00096,datasets/processed/gtzan_country_country.00096.wav,Country,Country,Global / Western,gtzan_proxy_country_024,GTZAN,country/country.00096.wav,38b0d842ffffb3226a6e1bddcb62ce615ba811e67d048d732ff23144ec88ec6d,30.01,GTZAN Genre Collection,2002,train,CC-BY-NC-ND / Marsyas Academic Research,GTZAN
gtzan_country_00097,datasets/processed/gtzan_country_country.00097.wav,Country,Country,Global / Western,gtzan_proxy_country_024,GTZAN,country/country.00097.wav,d69acb5caeee05a1f3f8761ee6ba1fe20138b47a7366a74b256e4fa4ac81c462,30.01,GTZAN Genre Collection,2002,train,CC-BY-NC-ND / Marsyas Academic Research,GTZAN
gtzan_country_00098,datasets/processed/gtzan_country_country.00098.wav,Country,Country,Global / Western,gtzan_proxy_country_024,GTZAN,country/country.00098.wav,f990829555ddddc42b01db06ae4eece55f36f99e27198ae834e09416888a2726,30.01,GTZAN Genre Collection,2002,train,CC-BY-NC-ND / Marsyas Academic Research,GTZAN
gtzan_country_00099,datasets/processed/gtzan_country_country.00099.wav,Country,Country,Global / Western,gtzan_proxy_country_024,GTZAN,country/country.00099.wav,ff42b7fa37c997fd788e68efefd30e14c040c85e9367de1b8a69cc1b5b849fd1,30.01,GTZAN Genre Collection,2002,train,CC-BY-NC-ND / Marsyas Academic Research,GTZAN
gtzan_disco_00005,datasets/processed/gtzan_disco_disco.00005.wav,Disco,Disco,Global / Western,gtzan_proxy_disco_001,GTZAN,disco/disco.00005.wav,1a526fc61df17facb6bdf811895414dc40fe4f106db045b37a6c027639739fc9,30.29,GTZAN Genre Collection,2002,train,CC-BY-NC-ND / Marsyas Academic Research,GTZAN
gtzan_disco_00015,datasets/processed/gtzan_disco_disco.00015.wav,Disco,Disco,Global / Western,gtzan_proxy_disco_003,GTZAN,disco/disco.00015.wav,c66e22a5f9131e641fe968f282ac4a3c4e3be2da58f771b98d7ac9e7c31d6905,30.01,GTZAN Genre Collection,2002,train,CC-BY-NC-ND / Marsyas Academic Research,GTZAN
gtzan_disco_00016,datasets/processed/gtzan_disco_disco.00016.wav,Disco,Disco,Global / Western,gtzan_proxy_disco_004,GTZAN,disco/disco.00016.wav,8d77c46e35c15dad75408148ce47a1fa28b63e28b86834a4b3321d2d01556bb8,30.29,GTZAN Genre Collection,2002,train,CC-BY-NC-ND / Marsyas Academic Research,GTZAN
gtzan_disco_00017,datasets/processed/gtzan_disco_disco.00017.wav,Disco,Disco,Global / Western,gtzan_proxy_disco_004,GTZAN,disco/disco.00017.wav,a48269106ab4e2862f60d154fb55ed22934ee9679200cd04aaf127a8f9c23923,30.01,GTZAN Genre Collection,2002,train,CC-BY-NC-ND / Marsyas Academic Research,GTZAN
gtzan_disco_00018,datasets/processed/gtzan_disco_disco.00018.wav,Disco,Disco,Global / Western,gtzan_proxy_disco_004,GTZAN,disco/disco.00018.wav,48b37d1499ece81e697a90f6d2af518499768882e03fde6c03da8a2f68447631,30.01,GTZAN Genre Collection,2002,train,CC-BY-NC-ND / Marsyas Academic Research,GTZAN
gtzan_disco_00019,datasets/processed/gtzan_disco_disco.00019.wav,Disco,Disco,Global / Western,gtzan_proxy_disco_004,GTZAN,disco/disco.00019.wav,cd9688a945a72558440189104dd99276dae5d76ad3a82096213b442e95f339d4,30.01,GTZAN Genre Collection,2002,train,CC-BY-NC-ND / Marsyas Academic Research,GTZAN
gtzan_disco_00020,datasets/processed/gtzan_disco_disco.00020.wav,Disco,Disco,Global / Western,gtzan_proxy_disco_005,GTZAN,disco/disco.00020.wav,cd582780b5e56d873f21825509a7b6282b5448af8ce45b6e7e1dc732a965cc11,30.01,GTZAN Genre Collection,2002,train,CC-BY-NC-ND / Marsyas Academic Research,GTZAN
gtzan_disco_00022,datasets/processed/gtzan_disco_disco.00022.wav,Disco,Disco,Global / Western,gtzan_proxy_disco_005,GTZAN,disco/disco.00022.wav,a46e3c0b264727d99b4ee10202d153be8a70d338c1a6c120d9722291d4ea9970,30.01,GTZAN Genre Collection,2002,train,CC-BY-NC-ND / Marsyas Academic Research,GTZAN
gtzan_disco_00023,datasets/processed/gtzan_disco_disco.00023.wav,Disco,Disco,Global / Western,gtzan_proxy_disco_005,GTZAN,disco/disco.00023.wav,4b8ce094f97b2c8f271409d7b2d91cd2f428dbb72d92184393803cf97d86d079,30.01,GTZAN Genre Collection,2002,train,CC-BY-NC-ND / Marsyas Academic Research,GTZAN
gtzan_disco_00024,datasets/processed/gtzan_disco_disco.00024.wav,Disco,Disco,Global / Western,gtzan_proxy_disco_006,GTZAN,disco/disco.00024.wav,55dede1992a545dda7ff45e31e19302cab7090c56bf71339488e9c81d8667f04,30.01,GTZAN Genre Collection,2002,train,CC-BY-NC-ND / Marsyas Academic Research,GTZAN
gtzan_disco_00025,datasets/processed/gtzan_disco_disco.00025.wav,Disco,Disco,Global / Western,gtzan_proxy_disco_006,GTZAN,disco/disco.00025.wav,291780ae360e13aa0f85670475cf5bee619f4346c7ea7e2746cebb7220d0efe6,30.01,GTZAN Genre Collection,2002,train,CC-BY-NC-ND / Marsyas Academic Research,GTZAN
gtzan_disco_00026,datasets/processed/gtzan_disco_disco.00026.wav,Disco,Disco,Global / Western,gtzan_proxy_disco_006,GTZAN,disco/disco.00026.wav,afb424530ae09adf6864897bdd52141ecc8e807b3ccfe57fc2a71a1ae1372ad9,30.01,GTZAN Genre Collection,2002,train,CC-BY-NC-ND / Marsyas Academic Research,GTZAN
gtzan_disco_00027,datasets/processed/gtzan_disco_disco.00027.wav,Disco,Disco,Global / Western,gtzan_proxy_disco_006,GTZAN,disco/disco.00027.wav,a5604d92893c704afcfe12571f5a2be92e6e61e7960f3294f4a8dc4962a2583e,30.01,GTZAN Genre Collection,2002,train,CC-BY-NC-ND / Marsyas Academic Research,GTZAN
gtzan_disco_00028,datasets/processed/gtzan_disco_disco.00028.wav,Disco,Disco,Global / Western,gtzan_proxy_disco_007,GTZAN,disco/disco.00028.wav,fa06460c58e07cfcb99558f03178982bf510f55bd52fdff376d289d4d3d448e8,30.01,GTZAN Genre Collection,2002,train,CC-BY-NC-ND / Marsyas Academic Research,GTZAN
gtzan_disco_00029,datasets/processed/gtzan_disco_disco.00029.wav,Disco,Disco,Global / Western,gtzan_proxy_disco_007,GTZAN,disco/disco.00029.wav,d6e9d1ab5b91e2353125a295572692348606e00a97e05063862831ed0ce61664,30.01,GTZAN Genre Collection,2002,train,CC-BY-NC-ND / Marsyas Academic Research,GTZAN
gtzan_disco_00030,datasets/processed/gtzan_disco_disco.00030.wav,Disco,Disco,Global / Western,gtzan_proxy_disco_007,GTZAN,disco/disco.00030.wav,68dae560b84308abfc5e78fe7b524d70a36f152fafa51f69911754e13998b772,30.01,GTZAN Genre Collection,2002,train,CC-BY-NC-ND / Marsyas Academic Research,GTZAN
gtzan_disco_00031,datasets/processed/gtzan_disco_disco.00031.wav,Disco,Disco,Global / Western,gtzan_proxy_disco_007,GTZAN,disco/disco.00031.wav,3ceb4f493e4bd24b1aa4e8a6c7eaabda02622fdccd3ceaa02275476cbbe2385f,30.01,GTZAN Genre Collection,2002,train,CC-BY-NC-ND / Marsyas Academic Research,GTZAN
gtzan_disco_00032,datasets/processed/gtzan_disco_disco.00032.wav,Disco,Disco,Global / Western,gtzan_proxy_disco_008,GTZAN,disco/disco.00032.wav,54c648f5e035cf06f031096fd047cea715409bfbf4aecb9e7d962739877911a9,30.01,GTZAN Genre Collection,2002,train,CC-BY-NC-ND / Marsyas Academic Research,GTZAN
gtzan_disco_00033,datasets/processed/gtzan_disco_disco.00033.wav,Disco,Disco,Global / Western,gtzan_proxy_disco_008,GTZAN,disco/disco.00033.wav,a06270e32c9596180e7d55f0f92607868a9daf674a80af7607b0e20ab7bd1d53,30.01,GTZAN Genre Collection,2002,train,CC-BY-NC-ND / Marsyas Academic Research,GTZAN
gtzan_disco_00034,datasets/processed/gtzan_disco_disco.00034.wav,Disco,Disco,Global / Western,gtzan_proxy_disco_008,GTZAN,disco/disco.00034.wav,5cf286cd9a33426cafef11b818af6911ec9a2dc9f4b6c752b00f8d962a6c9e04,30.01,GTZAN Genre Collection,2002,train,CC-BY-NC-ND / Marsyas Academic Research,GTZAN
gtzan_disco_00035,datasets/processed/gtzan_disco_disco.00035.wav,Disco,Disco,Global / Western,gtzan_proxy_disco_008,GTZAN,disco/disco.00035.wav,bd5006363ff76ebedc0bd608b1d89742d0c86f9b899c468afddd561f754ce8a0,30.01,GTZAN Genre Collection,2002,train,CC-BY-NC-ND / Marsyas Academic Research,GTZAN
gtzan_disco_00036,datasets/processed/gtzan_disco_disco.00036.wav,Disco,Disco,Global / Western,gtzan_proxy_disco_009,GTZAN,disco/disco.00036.wav,8e507c6f0837ad9f31d1b27342ff439af00c6ca7f7b3cdf754bd962b935c62a2,30.01,GTZAN Genre Collection,2002,train,CC-BY-NC-ND / Marsyas Academic Research,GTZAN
gtzan_disco_00037,datasets/processed/gtzan_disco_disco.00037.wav,Disco,Disco,Global / Western,gtzan_proxy_disco_009,GTZAN,disco/disco.00037.wav,3bd16f80100183986cdfad503f0b37b71e76575027bbbe0efa44dcd543df6dc2,30.01,GTZAN Genre Collection,2002,train,CC-BY-NC-ND / Marsyas Academic Research,GTZAN
gtzan_disco_00039,datasets/processed/gtzan_disco_disco.00039.wav,Disco,Disco,Global / Western,gtzan_proxy_disco_009,GTZAN,disco/disco.00039.wav,c7ae8536ef79a225b49b4e65100a3965a60d87afc7ace60568fc324fea758829,30.01,GTZAN Genre Collection,2002,train,CC-BY-NC-ND / Marsyas Academic Research,GTZAN
gtzan_disco_00040,datasets/processed/gtzan_disco_disco.00040.wav,Disco,Disco,Global / Western,gtzan_proxy_disco_010,GTZAN,disco/disco.00040.wav,d85be2ee37863085026c634b6c72abe7082ed8b2e0a164bcb5237e412809b70e,30.01,GTZAN Genre Collection,2002,train,CC-BY-NC-ND / Marsyas Academic Research,GTZAN
gtzan_disco_00041,datasets/processed/gtzan_disco_disco.00041.wav,Disco,Disco,Global / Western,gtzan_proxy_disco_010,GTZAN,disco/disco.00041.wav,acca14a42079e269fe011de1b54e9d014bcc292b70a59a8388d6da6e95b88320,30.01,GTZAN Genre Collection,2002,train,CC-BY-NC-ND / Marsyas Academic Research,GTZAN
gtzan_disco_00042,datasets/processed/gtzan_disco_disco.00042.wav,Disco,Disco,Global / Western,gtzan_proxy_disco_010,GTZAN,disco/disco.00042.wav,15f5169b9b11d2bd50d24d05909ced5025222e1258bb96626451806e72fbe33e,30.01,GTZAN Genre Collection,2002,train,CC-BY-NC-ND / Marsyas Academic Research,GTZAN
gtzan_disco_00043,datasets/processed/gtzan_disco_disco.00043.wav,Disco,Disco,Global / Western,gtzan_proxy_disco_010,GTZAN,disco/disco.00043.wav,91b5716f4480e62ec23c4a38554abd3285a9bb971f85f8d0350dd8eced271f8a,30.01,GTZAN Genre Collection,2002,train,CC-BY-NC-ND / Marsyas Academic Research,GTZAN
gtzan_disco_00044,datasets/processed/gtzan_disco_disco.00044.wav,Disco,Disco,Global / Western,gtzan_proxy_disco_011,GTZAN,disco/disco.00044.wav,7310b11e5678f6180f57365b889c491d1a057cd09691c800d7b88224c7bc817d,30.01,GTZAN Genre Collection,2002,train,CC-BY-NC-ND / Marsyas Academic Research,GTZAN
gtzan_disco_00045,datasets/processed/gtzan_disco_disco.00045.wav,Disco,Disco,Global / Western,gtzan_proxy_disco_011,GTZAN,disco/disco.00045.wav,87ece9f9b1a4004522a3d3dbf335caf35966f83873fb07abdf3fca4a7e7107be,30.01,GTZAN Genre Collection,2002,train,CC-BY-NC-ND / Marsyas Academic Research,GTZAN
gtzan_disco_00047,datasets/processed/gtzan_disco_disco.00047.wav,Disco,Disco,Global / Western,gtzan_proxy_disco_011,GTZAN,disco/disco.00047.wav,d0cfc74da4439bd9892c4c4cfc92de5663c4d1bb0a72d21c0349c74decdf1156,30.0,GTZAN Genre Collection,2002,train,CC-BY-NC-ND / Marsyas Academic Research,GTZAN
gtzan_disco_00049,datasets/processed/gtzan_disco_disco.00049.wav,Disco,Disco,Global / Western,gtzan_proxy_disco_012,GTZAN,disco/disco.00049.wav,6af83bd4d7e11b6ec23c18e258e6f82ab0bb963c58d357c6a54d8d84a573e9ff,30.0,GTZAN Genre Collection,2002,train,CC-BY-NC-ND / Marsyas Academic Research,GTZAN
gtzan_disco_00053,datasets/processed/gtzan_disco_disco.00053.wav,Disco,Disco,Global / Western,gtzan_proxy_disco_013,GTZAN,disco/disco.00053.wav,3d0beeebc2af21b1d67059cb49a9a010a6a0257d2c328a215aa3c52261a41b06,30.0,GTZAN Genre Collection,2002,train,CC-BY-NC-ND / Marsyas Academic Research,GTZAN
gtzan_disco_00054,datasets/processed/gtzan_disco_disco.00054.wav,Disco,Disco,Global / Western,gtzan_proxy_disco_013,GTZAN,disco/disco.00054.wav,b77e20a5b7809c5669ab1c27be22fa604ccd4e3bcbd984ba1d7765e1c8a897c5,30.0,GTZAN Genre Collection,2002,train,CC-BY-NC-ND / Marsyas Academic Research,GTZAN
gtzan_disco_00056,datasets/processed/gtzan_disco_disco.00056.wav,Disco,Disco,Global / Western,gtzan_proxy_disco_014,GTZAN,disco/disco.00056.wav,a24c8605ef201cc404e725fe39df6f44e81d7c0c72c62eb109f76d78bbd419c4,30.0,GTZAN Genre Collection,2002,train,CC-BY-NC-ND / Marsyas Academic Research,GTZAN
gtzan_disco_00057,datasets/processed/gtzan_disco_disco.00057.wav,Disco,Disco,Global / Western,gtzan_proxy_disco_014,GTZAN,disco/disco.00057.wav,12562a3414027203ea1358f1c62a4a3523659780e73023fd41b6302bf4e044c2,30.0,GTZAN Genre Collection,2002,train,CC-BY-NC-ND / Marsyas Academic Research,GTZAN
gtzan_disco_00059,datasets/processed/gtzan_disco_disco.00059.wav,Disco,Disco,Global / Western,gtzan_proxy_disco_014,GTZAN,disco/disco.00059.wav,34721d733209826db92b329875ce72d63391a0e8728a0b0d2bdfbca5304841aa,30.0,GTZAN Genre Collection,2002,train,CC-BY-NC-ND / Marsyas Academic Research,GTZAN
gtzan_disco_00061,datasets/processed/gtzan_disco_disco.00061.wav,Disco,Disco,Global / Western,gtzan_proxy_disco_015,GTZAN,disco/disco.00061.wav,3234f40e1aa63d529fe7f66ce1435da254df457a4e73d83ec286f88ae50aa509,30.0,GTZAN Genre Collection,2002,train,CC-BY-NC-ND / Marsyas Academic Research,GTZAN
gtzan_disco_00070,datasets/processed/gtzan_disco_disco.00070.wav,Disco,Disco,Global / Western,gtzan_proxy_disco_017,GTZAN,disco/disco.00070.wav,102ef17c86df976b6c408aa23f89742591ca1a36cc1ae47425c4eb31fc8ea8e4,30.0,GTZAN Genre Collection,2002,train,CC-BY-NC-ND / Marsyas Academic Research,GTZAN
gtzan_disco_00073,datasets/processed/gtzan_disco_disco.00073.wav,Disco,Disco,Global / Western,gtzan_proxy_disco_018,GTZAN,disco/disco.00073.wav,b6a7fdb6d69eded9960c045597cb4207a96474450fedb64633d7fba1ed2c31ad,30.0,GTZAN Genre Collection,2002,train,CC-BY-NC-ND / Marsyas Academic Research,GTZAN
gtzan_disco_00074,datasets/processed/gtzan_disco_disco.00074.wav,Disco,Disco,Global / Western,gtzan_proxy_disco_018,GTZAN,disco/disco.00074.wav,5dc2cc80f1e58dc022efe7e2e22a7a72a6000adf40cc4ff71d6b8091370edb9c,30.0,GTZAN Genre Collection,2002,train,CC-BY-NC-ND / Marsyas Academic Research,GTZAN
gtzan_disco_00089,datasets/processed/gtzan_disco_disco.00089.wav,Disco,Disco,Global / Western,gtzan_proxy_disco_022,GTZAN,disco/disco.00089.wav,62e8b9609348ee38b5c2e833f1236051cada37c1329ee957cab68ba68a4618ed,30.0,GTZAN Genre Collection,2002,train,CC-BY-NC-ND / Marsyas Academic Research,GTZAN
gtzan_hiphop_00002,datasets/processed/gtzan_hiphop_hiphop.00002.wav,Hip-Hop,Hip-Hop,Global / Western,gtzan_proxy_hiphop_000,GTZAN,hiphop/hiphop.00002.wav,b783533671eddc2d355ee8867116ebc9ef217286b0ad9efd4b0076488a6c8475,30.0,GTZAN Genre Collection,2002,train,CC-BY-NC-ND / Marsyas Academic Research,GTZAN
gtzan_hiphop_00003,datasets/processed/gtzan_hiphop_hiphop.00003.wav,Hip-Hop,Hip-Hop,Global / Western,gtzan_proxy_hiphop_000,GTZAN,hiphop/hiphop.00003.wav,49bc9eff85aba036046dc9480a5250d0553f4d9a3a9c7ac235cbee7b207322d1,30.0,GTZAN Genre Collection,2002,train,CC-BY-NC-ND / Marsyas Academic Research,GTZAN
gtzan_hiphop_00004,datasets/processed/gtzan_hiphop_hiphop.00004.wav,Hip-Hop,Hip-Hop,Global / Western,gtzan_proxy_hiphop_001,GTZAN,hiphop/hiphop.00004.wav,f394e8885d882b1aa4d855b0033a55797befbc7368f57f661cd94338f81fbba0,30.0,GTZAN Genre Collection,2002,train,CC-BY-NC-ND / Marsyas Academic Research,GTZAN
gtzan_hiphop_00005,datasets/processed/gtzan_hiphop_hiphop.00005.wav,Hip-Hop,Hip-Hop,Global / Western,gtzan_proxy_hiphop_001,GTZAN,hiphop/hiphop.00005.wav,437dd781f9b41d547bdbaf817b5f09d52a89e47d209bdda68ea0037286824bcf,30.0,GTZAN Genre Collection,2002,train,CC-BY-NC-ND / Marsyas Academic Research,GTZAN
gtzan_hiphop_00006,datasets/processed/gtzan_hiphop_hiphop.00006.wav,Hip-Hop,Hip-Hop,Global / Western,gtzan_proxy_hiphop_001,GTZAN,hiphop/hiphop.00006.wav,5c18bcb416e39ae59bbfc19585132d5ff90ecd5d5e998e69d3f1d5af5bbff1d4,30.0,GTZAN Genre Collection,2002,train,CC-BY-NC-ND / Marsyas Academic Research,GTZAN
gtzan_hiphop_00007,datasets/processed/gtzan_hiphop_hiphop.00007.wav,Hip-Hop,Hip-Hop,Global / Western,gtzan_proxy_hiphop_001,GTZAN,hiphop/hiphop.00007.wav,3d847042d8b3bfc01fe2d281a825e094a70f306aa16423624f17fd58742a201d,30.0,GTZAN Genre Collection,2002,train,CC-BY-NC-ND / Marsyas Academic Research,GTZAN
gtzan_hiphop_00008,datasets/processed/gtzan_hiphop_hiphop.00008.wav,Hip-Hop,Hip-Hop,Global / Western,gtzan_proxy_hiphop_002,GTZAN,hiphop/hiphop.00008.wav,136884166bcfadc9808fc668db0dabe5cfd47417529ceca6e20567edb251b517,30.01,GTZAN Genre Collection,2002,train,CC-BY-NC-ND / Marsyas Academic Research,GTZAN
gtzan_hiphop_00009,datasets/processed/gtzan_hiphop_hiphop.00009.wav,Hip-Hop,Hip-Hop,Global / Western,gtzan_proxy_hiphop_002,GTZAN,hiphop/hiphop.00009.wav,a8c92e4595c658e9f29b00da5a4520f992599d4b99df70eabdccc3e34282b17a,30.01,GTZAN Genre Collection,2002,train,CC-BY-NC-ND / Marsyas Academic Research,GTZAN
gtzan_hiphop_00010,datasets/processed/gtzan_hiphop_hiphop.00010.wav,Hip-Hop,Hip-Hop,Global / Western,gtzan_proxy_hiphop_002,GTZAN,hiphop/hiphop.00010.wav,ac2f090e7a0a26781f4d97383f9f9766d83ec4f4f9e337bd6d84922b50ff8534,30.01,GTZAN Genre Collection,2002,train,CC-BY-NC-ND / Marsyas Academic Research,GTZAN
gtzan_hiphop_00011,datasets/processed/gtzan_hiphop_hiphop.00011.wav,Hip-Hop,Hip-Hop,Global / Western,gtzan_proxy_hiphop_002,GTZAN,hiphop/hiphop.00011.wav,85326f7f46f50d71c8698fca51ba10fc4c2f06527970d51e7a923148d252fd86,30.01,GTZAN Genre Collection,2002,train,CC-BY-NC-ND / Marsyas Academic Research,GTZAN
gtzan_hiphop_00012,datasets/processed/gtzan_hiphop_hiphop.00012.wav,Hip-Hop,Hip-Hop,Global / Western,gtzan_proxy_hiphop_003,GTZAN,hiphop/hiphop.00012.wav,7fe0a90301e830aa6945567083d13a8d022e45acdd57ddf17d99f3c223677866,30.01,GTZAN Genre Collection,2002,train,CC-BY-NC-ND / Marsyas Academic Research,GTZAN
gtzan_hiphop_00013,datasets/processed/gtzan_hiphop_hiphop.00013.wav,Hip-Hop,Hip-Hop,Global / Western,gtzan_proxy_hiphop_003,GTZAN,hiphop/hiphop.00013.wav,e762fe4137c4ed1f41ab5e527c6ce99507c10aba4a00be488eaec66063840bca,30.01,GTZAN Genre Collection,2002,train,CC-BY-NC-ND / Marsyas Academic Research,GTZAN
gtzan_hiphop_00014,datasets/processed/gtzan_hiphop_hiphop.00014.wav,Hip-Hop,Hip-Hop,Global / Western,gtzan_proxy_hiphop_003,GTZAN,hiphop/hiphop.00014.wav,780594855628062d8ce193b5648aa9a6af397669e70b965d003d6375bb50aa2d,30.01,GTZAN Genre Collection,2002,train,CC-BY-NC-ND / Marsyas Academic Research,GTZAN
gtzan_hiphop_00015,datasets/processed/gtzan_hiphop_hiphop.00015.wav,Hip-Hop,Hip-Hop,Global / Western,gtzan_proxy_hiphop_003,GTZAN,hiphop/hiphop.00015.wav,e25366e2fb87bd27e354df0e1343d07f1e53aaff3d8f115f855ab824b4c2e54b,30.01,GTZAN Genre Collection,2002,train,CC-BY-NC-ND / Marsyas Academic Research,GTZAN
gtzan_hiphop_00016,datasets/processed/gtzan_hiphop_hiphop.00016.wav,Hip-Hop,Hip-Hop,Global / Western,gtzan_proxy_hiphop_004,GTZAN,hiphop/hiphop.00016.wav,141ee537fe3fa75fb4f64ee5ea42e7e8fa020d1292dc06a0f514871303fa5088,30.01,GTZAN Genre Collection,2002,train,CC-BY-NC-ND / Marsyas Academic Research,GTZAN
gtzan_hiphop_00017,datasets/processed/gtzan_hiphop_hiphop.00017.wav,Hip-Hop,Hip-Hop,Global / Western,gtzan_proxy_hiphop_004,GTZAN,hiphop/hiphop.00017.wav,2f380e25e47d24ff854263c58383ce6d87a4d6e11641003b21a075da01107d39,30.01,GTZAN Genre Collection,2002,train,CC-BY-NC-ND / Marsyas Academic Research,GTZAN
gtzan_hiphop_00018,datasets/processed/gtzan_hiphop_hiphop.00018.wav,Hip-Hop,Hip-Hop,Global / Western,gtzan_proxy_hiphop_004,GTZAN,hiphop/hiphop.00018.wav,eb91af0377ef83e28f3af9866a6632cbf3c25b9fec37c6efa8ace19d811d00c2,30.01,GTZAN Genre Collection,2002,train,CC-BY-NC-ND / Marsyas Academic Research,GTZAN
gtzan_hiphop_00019,datasets/processed/gtzan_hiphop_hiphop.00019.wav,Hip-Hop,Hip-Hop,Global / Western,gtzan_proxy_hiphop_004,GTZAN,hiphop/hiphop.00019.wav,21a6a81d8e72064b5691b67229c3e17f69748a920777f158130a42ceb448d213,30.01,GTZAN Genre Collection,2002,train,CC-BY-NC-ND / Marsyas Academic Research,GTZAN
gtzan_hiphop_00020,datasets/processed/gtzan_hiphop_hiphop.00020.wav,Hip-Hop,Hip-Hop,Global / Western,gtzan_proxy_hiphop_005,GTZAN,hiphop/hiphop.00020.wav,8b6be6d1baa21b159390ba22d85bd64c7dfe9f2b7e04e28a8f7908597d277a13,30.01,GTZAN Genre Collection,2002,train,CC-BY-NC-ND / Marsyas Academic Research,GTZAN
gtzan_hiphop_00021,datasets/processed/gtzan_hiphop_hiphop.00021.wav,Hip-Hop,Hip-Hop,Global / Western,gtzan_proxy_hiphop_005,GTZAN,hiphop/hiphop.00021.wav,4a9066d3d8a0c74170c0d08cd99dcf95e57b6de84ff99d228bed16c42151491d,30.01,GTZAN Genre Collection,2002,train,CC-BY-NC-ND / Marsyas Academic Research,GTZAN
gtzan_hiphop_00022,datasets/processed/gtzan_hiphop_hiphop.00022.wav,Hip-Hop,Hip-Hop,Global / Western,gtzan_proxy_hiphop_005,GTZAN,hiphop/hiphop.00022.wav,d3c9981fe56c19cb40be497d9067634a425cc063dfc70c61b5f9ca5f6cd6017f,30.01,GTZAN Genre Collection,2002,train,CC-BY-NC-ND / Marsyas Academic Research,GTZAN
gtzan_hiphop_00023,datasets/processed/gtzan_hiphop_hiphop.00023.wav,Hip-Hop,Hip-Hop,Global / Western,gtzan_proxy_hiphop_005,GTZAN,hiphop/hiphop.00023.wav,9b63f5eeb4c36f9645d339514dd09d04ef2261d86417c0900cd225dd2753a435,30.01,GTZAN Genre Collection,2002,train,CC-BY-NC-ND / Marsyas Academic Research,GTZAN
gtzan_hiphop_00024,datasets/processed/gtzan_hiphop_hiphop.00024.wav,Hip-Hop,Hip-Hop,Global / Western,gtzan_proxy_hiphop_006,GTZAN,hiphop/hiphop.00024.wav,2d5e8000e372549f09b3d69e71b6aa56fe0312c2eab724a710da277e7b04d5da,30.01,GTZAN Genre Collection,2002,train,CC-BY-NC-ND / Marsyas Academic Research,GTZAN
gtzan_hiphop_00025,datasets/processed/gtzan_hiphop_hiphop.00025.wav,Hip-Hop,Hip-Hop,Global / Western,gtzan_proxy_hiphop_006,GTZAN,hiphop/hiphop.00025.wav,1ff053751b5c967873ef76c7a372d83df737fd03107a6c5fd3955946cb4d54a0,30.01,GTZAN Genre Collection,2002,train,CC-BY-NC-ND / Marsyas Academic Research,GTZAN
gtzan_hiphop_00028,datasets/processed/gtzan_hiphop_hiphop.00028.wav,Hip-Hop,Hip-Hop,Global / Western,gtzan_proxy_hiphop_007,GTZAN,hiphop/hiphop.00028.wav,73863210293ffa535f37c26884e2f577388c7c05ae80525b5d02d4feba6133b9,30.01,GTZAN Genre Collection,2002,train,CC-BY-NC-ND / Marsyas Academic Research,GTZAN
gtzan_hiphop_00029,datasets/processed/gtzan_hiphop_hiphop.00029.wav,Hip-Hop,Hip-Hop,Global / Western,gtzan_proxy_hiphop_007,GTZAN,hiphop/hiphop.00029.wav,50f50bfb21c0a0081a7a78ad14f5e3c7f01f54313752279e25a1154950f2e00b,30.35,GTZAN Genre Collection,2002,train,CC-BY-NC-ND / Marsyas Academic Research,GTZAN
gtzan_hiphop_00031,datasets/processed/gtzan_hiphop_hiphop.00031.wav,Hip-Hop,Hip-Hop,Global / Western,gtzan_proxy_hiphop_007,GTZAN,hiphop/hiphop.00031.wav,57ac902fd012abc8e66e05c96d7f50e399ff00d69cf70103b7d733978e40b554,30.0,GTZAN Genre Collection,2002,train,CC-BY-NC-ND / Marsyas Academic Research,GTZAN
gtzan_hiphop_00032,datasets/processed/gtzan_hiphop_hiphop.00032.wav,Hip-Hop,Hip-Hop,Global / Western,gtzan_proxy_hiphop_008,GTZAN,hiphop/hiphop.00032.wav,0f28f0b71fec6f28dd60db27ddfb29ff135d0d968f186f98ff7d113beb4b7d8d,29.93,GTZAN Genre Collection,2002,train,CC-BY-NC-ND / Marsyas Academic Research,GTZAN
gtzan_hiphop_00033,datasets/processed/gtzan_hiphop_hiphop.00033.wav,Hip-Hop,Hip-Hop,Global / Western,gtzan_proxy_hiphop_008,GTZAN,hiphop/hiphop.00033.wav,e9816ea4c8e4f974ec4921c771e827c9df24bc79e9b414495999b2a3014024b8,30.17,GTZAN Genre Collection,2002,train,CC-BY-NC-ND / Marsyas Academic Research,GTZAN
gtzan_hiphop_00034,datasets/processed/gtzan_hiphop_hiphop.00034.wav,Hip-Hop,Hip-Hop,Global / Western,gtzan_proxy_hiphop_008,GTZAN,hiphop/hiphop.00034.wav,99b8e4f260ef6cccf614c111d018b1d383fbc64147494b6446c0c552b8adc2f4,30.28,GTZAN Genre Collection,2002,train,CC-BY-NC-ND / Marsyas Academic Research,GTZAN
gtzan_hiphop_00035,datasets/processed/gtzan_hiphop_hiphop.00035.wav,Hip-Hop,Hip-Hop,Global / Western,gtzan_proxy_hiphop_008,GTZAN,hiphop/hiphop.00035.wav,f8b612f88469fb32f355e22440897df288b31ac9953b0c09857e5c37f69dd935,30.3,GTZAN Genre Collection,2002,train,CC-BY-NC-ND / Marsyas Academic Research,GTZAN
gtzan_hiphop_00036,datasets/processed/gtzan_hiphop_hiphop.00036.wav,Hip-Hop,Hip-Hop,Global / Western,gtzan_proxy_hiphop_009,GTZAN,hiphop/hiphop.00036.wav,e03e84a0c3162f2a75721194c90bf62445c2035466aa2c78817a8009373b766e,30.65,GTZAN Genre Collection,2002,train,CC-BY-NC-ND / Marsyas Academic Research,GTZAN
gtzan_hiphop_00037,datasets/processed/gtzan_hiphop_hiphop.00037.wav,Hip-Hop,Hip-Hop,Global / Western,gtzan_proxy_hiphop_009,GTZAN,hiphop/hiphop.00037.wav,36b7a2b9e99d185b3898053bd2c09c7bdf56155a5efa783fbc4f7ddebb2e9811,30.65,GTZAN Genre Collection,2002,train,CC-BY-NC-ND / Marsyas Academic Research,GTZAN
gtzan_hiphop_00038,datasets/processed/gtzan_hiphop_hiphop.00038.wav,Hip-Hop,Hip-Hop,Global / Western,gtzan_proxy_hiphop_009,GTZAN,hiphop/hiphop.00038.wav,457966772afba1a1833e62d325745a78707ef6b57daab62a315bcf3c26bbc00c,30.65,GTZAN Genre Collection,2002,train,CC-BY-NC-ND / Marsyas Academic Research,GTZAN
gtzan_hiphop_00041,datasets/processed/gtzan_hiphop_hiphop.00041.wav,Hip-Hop,Hip-Hop,Global / Western,gtzan_proxy_hiphop_010,GTZAN,hiphop/hiphop.00041.wav,41b13f42736c775e4b3d578a6dd1dcafaf9b325428e3b105c7c6e08a0044f565,30.65,GTZAN Genre Collection,2002,train,CC-BY-NC-ND / Marsyas Academic Research,GTZAN
gtzan_hiphop_00042,datasets/processed/gtzan_hiphop_hiphop.00042.wav,Hip-Hop,Hip-Hop,Global / Western,gtzan_proxy_hiphop_010,GTZAN,hiphop/hiphop.00042.wav,54aca81cf35403689b089a3b7118b4b1a3e47d5b55064d41b485f860dc84ebf6,30.65,GTZAN Genre Collection,2002,train,CC-BY-NC-ND / Marsyas Academic Research,GTZAN
gtzan_hiphop_00055,datasets/processed/gtzan_hiphop_hiphop.00055.wav,Hip-Hop,Hip-Hop,Global / Western,gtzan_proxy_hiphop_013,GTZAN,hiphop/hiphop.00055.wav,bc1afcd28b4f00162e6282990ea1fe23432db0277aa6146230d805e99ec90956,30.01,GTZAN Genre Collection,2002,train,CC-BY-NC-ND / Marsyas Academic Research,GTZAN
gtzan_hiphop_00056,datasets/processed/gtzan_hiphop_hiphop.00056.wav,Hip-Hop,Hip-Hop,Global / Western,gtzan_proxy_hiphop_014,GTZAN,hiphop/hiphop.00056.wav,665786b10e34ee5266787caf66b18b59d03301f4272af18341f10e3f97422b3b,30.01,GTZAN Genre Collection,2002,train,CC-BY-NC-ND / Marsyas Academic Research,GTZAN
gtzan_hiphop_00057,datasets/processed/gtzan_hiphop_hiphop.00057.wav,Hip-Hop,Hip-Hop,Global / Western,gtzan_proxy_hiphop_014,GTZAN,hiphop/hiphop.00057.wav,d2073019b33a5d34f5881f5bc7514087b5fa14e53544751c5fc938ec79cc8c1c,30.01,GTZAN Genre Collection,2002,train,CC-BY-NC-ND / Marsyas Academic Research,GTZAN
gtzan_hiphop_00058,datasets/processed/gtzan_hiphop_hiphop.00058.wav,Hip-Hop,Hip-Hop,Global / Western,gtzan_proxy_hiphop_014,GTZAN,hiphop/hiphop.00058.wav,0d1521a58ad2fb56bd48cb30815889fe0a964d398387e6bb65901c83e3718065,30.01,GTZAN Genre Collection,2002,train,CC-BY-NC-ND / Marsyas Academic Research,GTZAN
gtzan_hiphop_00059,datasets/processed/gtzan_hiphop_hiphop.00059.wav,Hip-Hop,Hip-Hop,Global / Western,gtzan_proxy_hiphop_014,GTZAN,hiphop/hiphop.00059.wav,5b1d07d2dbe66db38ef129ed709562f409116d30408f3302f74aa91865d0769b,30.01,GTZAN Genre Collection,2002,train,CC-BY-NC-ND / Marsyas Academic Research,GTZAN
gtzan_hiphop_00060,datasets/processed/gtzan_hiphop_hiphop.00060.wav,Hip-Hop,Hip-Hop,Global / Western,gtzan_proxy_hiphop_015,GTZAN,hiphop/hiphop.00060.wav,8467f6d7ec2cda8738d0b33da911bdfc50dd6adf51b22c30dc07ddc4741d11d3,30.01,GTZAN Genre Collection,2002,train,CC-BY-NC-ND / Marsyas Academic Research,GTZAN
gtzan_hiphop_00061,datasets/processed/gtzan_hiphop_hiphop.00061.wav,Hip-Hop,Hip-Hop,Global / Western,gtzan_proxy_hiphop_015,GTZAN,hiphop/hiphop.00061.wav,218851e7f7738ae096e452ae5b646cb05ee5e6f93e4fa5bdc2d3da0183907ba2,30.01,GTZAN Genre Collection,2002,train,CC-BY-NC-ND / Marsyas Academic Research,GTZAN
gtzan_hiphop_00077,datasets/processed/gtzan_hiphop_hiphop.00077.wav,Hip-Hop,Hip-Hop,Global / Western,gtzan_proxy_hiphop_019,GTZAN,hiphop/hiphop.00077.wav,0cdac12874fd2f95297a83d1210b80c6bd425a0092896597f2dfc87d9b89d05f,30.0,GTZAN Genre Collection,2002,train,CC-BY-NC-ND / Marsyas Academic Research,GTZAN
gtzan_hiphop_00078,datasets/processed/gtzan_hiphop_hiphop.00078.wav,Hip-Hop,Hip-Hop,Global / Western,gtzan_proxy_hiphop_019,GTZAN,hiphop/hiphop.00078.wav,cecf4350e75f6ef00afa4e4087887fb55da4c5cd9f2edd8cbd9bbfaa90212858,30.0,GTZAN Genre Collection,2002,train,CC-BY-NC-ND / Marsyas Academic Research,GTZAN
gtzan_hiphop_00079,datasets/processed/gtzan_hiphop_hiphop.00079.wav,Hip-Hop,Hip-Hop,Global / Western,gtzan_proxy_hiphop_019,GTZAN,hiphop/hiphop.00079.wav,c3e4458ed799b76650cf8664ebba8ea15b44d5442c2dab874fff13ff791f2e28,30.0,GTZAN Genre Collection,2002,train,CC-BY-NC-ND / Marsyas Academic Research,GTZAN
gtzan_hiphop_00080,datasets/processed/gtzan_hiphop_hiphop.00080.wav,Hip-Hop,Hip-Hop,Global / Western,gtzan_proxy_hiphop_020,GTZAN,hiphop/hiphop.00080.wav,990a1323293c9465af189eea3a54e45e1375a78e564018f68225bc0e02518992,30.0,GTZAN Genre Collection,2002,train,CC-BY-NC-ND / Marsyas Academic Research,GTZAN
gtzan_jazz_00000,datasets/processed/gtzan_jazz_jazz.00000.wav,Jazz,Jazz,Global / Western,gtzan_proxy_jazz_000,GTZAN,jazz/jazz.00000.wav,f3ef11269bfc249c6657f037e8436ca1a2dbfe2ceee95a3504065a06cf8b1fc0,30.01,GTZAN Genre Collection,2002,train,CC-BY-NC-ND / Marsyas Academic Research,GTZAN
gtzan_jazz_00001,datasets/processed/gtzan_jazz_jazz.00001.wav,Jazz,Jazz,Global / Western,gtzan_proxy_jazz_000,GTZAN,jazz/jazz.00001.wav,08bd17b8bd99e397b3f90286fc3d21d5db2a0491859bb805a21a1d868ecaa832,30.01,GTZAN Genre Collection,2002,train,CC-BY-NC-ND / Marsyas Academic Research,GTZAN
gtzan_jazz_00011,datasets/processed/gtzan_jazz_jazz.00011.wav,Jazz,Jazz,Global / Western,gtzan_proxy_jazz_002,GTZAN,jazz/jazz.00011.wav,0d6670019024f32c4853d68e47bab37be512b20770054a03aaed1058db4b4aae,30.01,GTZAN Genre Collection,2002,train,CC-BY-NC-ND / Marsyas Academic Research,GTZAN
gtzan_jazz_00012,datasets/processed/gtzan_jazz_jazz.00012.wav,Jazz,Jazz,Global / Western,gtzan_proxy_jazz_003,GTZAN,jazz/jazz.00012.wav,a4fed766a4969b2890ddb302a46a285ef771b9fe3940080e82d5228e76ea50c9,30.01,GTZAN Genre Collection,2002,train,CC-BY-NC-ND / Marsyas Academic Research,GTZAN
gtzan_jazz_00013,datasets/processed/gtzan_jazz_jazz.00013.wav,Jazz,Jazz,Global / Western,gtzan_proxy_jazz_003,GTZAN,jazz/jazz.00013.wav,3bf317e4b46bdb7a0b74ee069011aeb303a72c0bbcd3b04b27f18ebefb8748e0,30.01,GTZAN Genre Collection,2002,train,CC-BY-NC-ND / Marsyas Academic Research,GTZAN
gtzan_jazz_00014,datasets/processed/gtzan_jazz_jazz.00014.wav,Jazz,Jazz,Global / Western,gtzan_proxy_jazz_003,GTZAN,jazz/jazz.00014.wav,b281bd0a0d636b42449ad268ed7ec22a26dea76ddb2215207c55ba1c8e0e5973,30.01,GTZAN Genre Collection,2002,train,CC-BY-NC-ND / Marsyas Academic Research,GTZAN
gtzan_jazz_00015,datasets/processed/gtzan_jazz_jazz.00015.wav,Jazz,Jazz,Global / Western,gtzan_proxy_jazz_003,GTZAN,jazz/jazz.00015.wav,1a794c0fda3cc4e2c956c4755545b4c894259ea2ec73a2dfecb13b6f7d34f410,30.01,GTZAN Genre Collection,2002,train,CC-BY-NC-ND / Marsyas Academic Research,GTZAN
gtzan_jazz_00016,datasets/processed/gtzan_jazz_jazz.00016.wav,Jazz,Jazz,Global / Western,gtzan_proxy_jazz_004,GTZAN,jazz/jazz.00016.wav,240b3b8ff263b2dd827c267bb0c50b7c3b4e8fa11c8e1f48248550ee312ad381,30.01,GTZAN Genre Collection,2002,train,CC-BY-NC-ND / Marsyas Academic Research,GTZAN
gtzan_jazz_00017,datasets/processed/gtzan_jazz_jazz.00017.wav,Jazz,Jazz,Global / Western,gtzan_proxy_jazz_004,GTZAN,jazz/jazz.00017.wav,5f375d83326d7b05ca6937c2c2e5654e6d306a695a32d57ed233d48d252e323e,30.01,GTZAN Genre Collection,2002,train,CC-BY-NC-ND / Marsyas Academic Research,GTZAN
gtzan_jazz_00018,datasets/processed/gtzan_jazz_jazz.00018.wav,Jazz,Jazz,Global / Western,gtzan_proxy_jazz_004,GTZAN,jazz/jazz.00018.wav,d9413307a4144b43752fbb42d368e9d05002dd1dec5aba66306c500e31ea6074,30.01,GTZAN Genre Collection,2002,train,CC-BY-NC-ND / Marsyas Academic Research,GTZAN
gtzan_jazz_00019,datasets/processed/gtzan_jazz_jazz.00019.wav,Jazz,Jazz,Global / Western,gtzan_proxy_jazz_004,GTZAN,jazz/jazz.00019.wav,cf51172c81b1f75b9ef6e2eacea93992496b9a610dc3e9c850e04c8fddf470dc,30.01,GTZAN Genre Collection,2002,train,CC-BY-NC-ND / Marsyas Academic Research,GTZAN
gtzan_jazz_00020,datasets/processed/gtzan_jazz_jazz.00020.wav,Jazz,Jazz,Global / Western,gtzan_proxy_jazz_005,GTZAN,jazz/jazz.00020.wav,16ef047e41c3ff33d44fae3b702636d89f1250db552124ff7586c7b48a1f3b02,30.01,GTZAN Genre Collection,2002,train,CC-BY-NC-ND / Marsyas Academic Research,GTZAN
gtzan_jazz_00021,datasets/processed/gtzan_jazz_jazz.00021.wav,Jazz,Jazz,Global / Western,gtzan_proxy_jazz_005,GTZAN,jazz/jazz.00021.wav,08a740b5a8d834778f55d156b06e60766401392c8735f7ba687435ea92745c4f,30.01,GTZAN Genre Collection,2002,train,CC-BY-NC-ND / Marsyas Academic Research,GTZAN
gtzan_jazz_00022,datasets/processed/gtzan_jazz_jazz.00022.wav,Jazz,Jazz,Global / Western,gtzan_proxy_jazz_005,GTZAN,jazz/jazz.00022.wav,f8643a12fcf5bd010b7fbc07295b79d865e802dbb79dcf3fb3e4e92b0bcb3802,30.01,GTZAN Genre Collection,2002,train,CC-BY-NC-ND / Marsyas Academic Research,GTZAN
gtzan_jazz_00023,datasets/processed/gtzan_jazz_jazz.00023.wav,Jazz,Jazz,Global / Western,gtzan_proxy_jazz_005,GTZAN,jazz/jazz.00023.wav,3e596351640865788644e3044ec99522c1c00b215abb788f075a918174fb459c,30.01,GTZAN Genre Collection,2002,train,CC-BY-NC-ND / Marsyas Academic Research,GTZAN
gtzan_jazz_00024,datasets/processed/gtzan_jazz_jazz.00024.wav,Jazz,Jazz,Global / Western,gtzan_proxy_jazz_006,GTZAN,jazz/jazz.00024.wav,6ca630b65930bc171e3b27596ab75d600b6e17aafbf40ed93e0628bdde20b5c3,30.01,GTZAN Genre Collection,2002,train,CC-BY-NC-ND / Marsyas Academic Research,GTZAN
gtzan_jazz_00041,datasets/processed/gtzan_jazz_jazz.00041.wav,Jazz,Jazz,Global / Western,gtzan_proxy_jazz_010,GTZAN,jazz/jazz.00041.wav,2d5cc9299949e1488d4ec200580f761fac295abd75b81009e366dc98589e3ccc,30.01,GTZAN Genre Collection,2002,train,CC-BY-NC-ND / Marsyas Academic Research,GTZAN
gtzan_jazz_00047,datasets/processed/gtzan_jazz_jazz.00047.wav,Jazz,Jazz,Global / Western,gtzan_proxy_jazz_011,GTZAN,jazz/jazz.00047.wav,66f29da6ba7f6b3570f5f7b68f3cac061c53ab8b43e804f991bbf4293f3b916b,30.01,GTZAN Genre Collection,2002,train,CC-BY-NC-ND / Marsyas Academic Research,GTZAN
gtzan_jazz_00048,datasets/processed/gtzan_jazz_jazz.00048.wav,Jazz,Jazz,Global / Western,gtzan_proxy_jazz_012,GTZAN,jazz/jazz.00048.wav,90d66d7dd929044ccda82ac7c537bf750bd00fb43812ecdf582c24f83c95927e,30.01,GTZAN Genre Collection,2002,train,CC-BY-NC-ND / Marsyas Academic Research,GTZAN
gtzan_jazz_00049,datasets/processed/gtzan_jazz_jazz.00049.wav,Jazz,Jazz,Global / Western,gtzan_proxy_jazz_012,GTZAN,jazz/jazz.00049.wav,b48f93bd585cd6f855ef6977d21237a60bb43ee375125d01e23dfeefcc8dfbc1,30.01,GTZAN Genre Collection,2002,train,CC-BY-NC-ND / Marsyas Academic Research,GTZAN
gtzan_jazz_00050,datasets/processed/gtzan_jazz_jazz.00050.wav,Jazz,Jazz,Global / Western,gtzan_proxy_jazz_012,GTZAN,jazz/jazz.00050.wav,2598a4a499eed3483aeabea70d911349a56857426889f549f63a9de10d82d3a9,30.35,GTZAN Genre Collection,2002,train,CC-BY-NC-ND / Marsyas Academic Research,GTZAN
gtzan_jazz_00051,datasets/processed/gtzan_jazz_jazz.00051.wav,Jazz,Jazz,Global / Western,gtzan_proxy_jazz_012,GTZAN,jazz/jazz.00051.wav,d0bd6a69b7556b44d02b4b38c3aa9a8b819e6f52da461a2db10ecb1b90c5702c,30.01,GTZAN Genre Collection,2002,train,CC-BY-NC-ND / Marsyas Academic Research,GTZAN
gtzan_jazz_00052,datasets/processed/gtzan_jazz_jazz.00052.wav,Jazz,Jazz,Global / Western,gtzan_proxy_jazz_013,GTZAN,jazz/jazz.00052.wav,b7a98041225bc9148dc818907ed18227c32089eeeb3dfd6feab7debee2d11f5b,30.2,GTZAN Genre Collection,2002,train,CC-BY-NC-ND / Marsyas Academic Research,GTZAN
gtzan_jazz_00053,datasets/processed/gtzan_jazz_jazz.00053.wav,Jazz,Jazz,Global / Western,gtzan_proxy_jazz_013,GTZAN,jazz/jazz.00053.wav,3c3718638bce81fc8652fceec400e6ba8bc447deccb38eb61ce046b377733fd9,30.01,GTZAN Genre Collection,2002,train,CC-BY-NC-ND / Marsyas Academic Research,GTZAN
gtzan_jazz_00055,datasets/processed/gtzan_jazz_jazz.00055.wav,Jazz,Jazz,Global / Western,gtzan_proxy_jazz_013,GTZAN,jazz/jazz.00055.wav,adca44733309e4f0e70020c5b5be29d2f7825b6b4cf0e754dc89d31e2aa4d29d,30.01,GTZAN Genre Collection,2002,train,CC-BY-NC-ND / Marsyas Academic Research,GTZAN
gtzan_jazz_00056,datasets/processed/gtzan_jazz_jazz.00056.wav,Jazz,Jazz,Global / Western,gtzan_proxy_jazz_014,GTZAN,jazz/jazz.00056.wav,92f50b35339ae0f6480e376c8b49061938c7372561762b112b0018ec4c35844c,30.17,GTZAN Genre Collection,2002,train,CC-BY-NC-ND / Marsyas Academic Research,GTZAN
gtzan_jazz_00057,datasets/processed/gtzan_jazz_jazz.00057.wav,Jazz,Jazz,Global / Western,gtzan_proxy_jazz_014,GTZAN,jazz/jazz.00057.wav,fc5d5de3aa876b0cdb7d363b699b2503e4c86aecee763f028d122750c94a18ac,30.01,GTZAN Genre Collection,2002,train,CC-BY-NC-ND / Marsyas Academic Research,GTZAN
gtzan_jazz_00058,datasets/processed/gtzan_jazz_jazz.00058.wav,Jazz,Jazz,Global / Western,gtzan_proxy_jazz_014,GTZAN,jazz/jazz.00058.wav,573d48da7e77ac53b7d2f5332db17639e83cf82c647f7e3e4c1ce159e4755bef,30.01,GTZAN Genre Collection,2002,train,CC-BY-NC-ND / Marsyas Academic Research,GTZAN
gtzan_jazz_00059,datasets/processed/gtzan_jazz_jazz.00059.wav,Jazz,Jazz,Global / Western,gtzan_proxy_jazz_014,GTZAN,jazz/jazz.00059.wav,6db2728ab2ea15d3ec373c3221c1a7e5fb2e86f9ced616385b20ad6a3c612986,30.48,GTZAN Genre Collection,2002,train,CC-BY-NC-ND / Marsyas Academic Research,GTZAN
gtzan_jazz_00060,datasets/processed/gtzan_jazz_jazz.00060.wav,Jazz,Jazz,Global / Western,gtzan_proxy_jazz_015,GTZAN,jazz/jazz.00060.wav,ca2ac40c476d36876172126ec4730c79cdb2418a34ef7b405e9e87811dfc7350,30.01,GTZAN Genre Collection,2002,train,CC-BY-NC-ND / Marsyas Academic Research,GTZAN
gtzan_jazz_00061,datasets/processed/gtzan_jazz_jazz.00061.wav,Jazz,Jazz,Global / Western,gtzan_proxy_jazz_015,GTZAN,jazz/jazz.00061.wav,ec477555dc296e35ea716bdd5a8220e8e45d85194bc97ade6dc6a03fc8b30a13,30.24,GTZAN Genre Collection,2002,train,CC-BY-NC-ND / Marsyas Academic Research,GTZAN
gtzan_jazz_00062,datasets/processed/gtzan_jazz_jazz.00062.wav,Jazz,Jazz,Global / Western,gtzan_proxy_jazz_015,GTZAN,jazz/jazz.00062.wav,d9493724e874464b217bb46ea708a803f3ac5097d8c55f2d1cdc5aac31f416c2,30.01,GTZAN Genre Collection,2002,train,CC-BY-NC-ND / Marsyas Academic Research,GTZAN
gtzan_jazz_00063,datasets/processed/gtzan_jazz_jazz.00063.wav,Jazz,Jazz,Global / Western,gtzan_proxy_jazz_015,GTZAN,jazz/jazz.00063.wav,132b4169935017d6c5c4a1101b73e7514633b3b4e328c9ea52cd5079fa51d0cb,30.35,GTZAN Genre Collection,2002,train,CC-BY-NC-ND / Marsyas Academic Research,GTZAN
gtzan_jazz_00064,datasets/processed/gtzan_jazz_jazz.00064.wav,Jazz,Jazz,Global / Western,gtzan_proxy_jazz_016,GTZAN,jazz/jazz.00064.wav,e6feb23f4bfd35df9ac4aa400cb4daf0c377b6b022e477394712c0c716846d46,30.02,GTZAN Genre Collection,2002,train,CC-BY-NC-ND / Marsyas Academic Research,GTZAN
gtzan_jazz_00065,datasets/processed/gtzan_jazz_jazz.00065.wav,Jazz,Jazz,Global / Western,gtzan_proxy_jazz_016,GTZAN,jazz/jazz.00065.wav,8d02a4b1657db4823f3bdb39ad8a64147f23174f9b76171ec74397c7bef53b4d,30.01,GTZAN Genre Collection,2002,train,CC-BY-NC-ND / Marsyas Academic Research,GTZAN
gtzan_jazz_00066,datasets/processed/gtzan_jazz_jazz.00066.wav,Jazz,Jazz,Global / Western,gtzan_proxy_jazz_016,GTZAN,jazz/jazz.00066.wav,d6d76aa16459ce746cbc430869d6518f162f7d688ce2d5694acb1975acb1964a,30.27,GTZAN Genre Collection,2002,train,CC-BY-NC-ND / Marsyas Academic Research,GTZAN
gtzan_jazz_00067,datasets/processed/gtzan_jazz_jazz.00067.wav,Jazz,Jazz,Global / Western,gtzan_proxy_jazz_016,GTZAN,jazz/jazz.00067.wav,bb0254c7c42da36c37d3db5ab51478caaedccfb7d0b219c4881f0f16ebb1bf77,30.01,GTZAN Genre Collection,2002,train,CC-BY-NC-ND / Marsyas Academic Research,GTZAN
gtzan_jazz_00068,datasets/processed/gtzan_jazz_jazz.00068.wav,Jazz,Jazz,Global / Western,gtzan_proxy_jazz_017,GTZAN,jazz/jazz.00068.wav,93fae78be3409bd3a6a388830be6d20f481f007e0b1cb6d452e3675254d7f78d,30.01,GTZAN Genre Collection,2002,train,CC-BY-NC-ND / Marsyas Academic Research,GTZAN
gtzan_jazz_00069,datasets/processed/gtzan_jazz_jazz.00069.wav,Jazz,Jazz,Global / Western,gtzan_proxy_jazz_017,GTZAN,jazz/jazz.00069.wav,5d1b69ecf0498e81d69c524a4dcd37266d38e4ffea074ac2c8eff32ec9f5e770,30.01,GTZAN Genre Collection,2002,train,CC-BY-NC-ND / Marsyas Academic Research,GTZAN
gtzan_jazz_00070,datasets/processed/gtzan_jazz_jazz.00070.wav,Jazz,Jazz,Global / Western,gtzan_proxy_jazz_017,GTZAN,jazz/jazz.00070.wav,c04c223cb0d3913130e812b6014b3f71aeae07fe083608c5d202f97d6b518915,30.01,GTZAN Genre Collection,2002,train,CC-BY-NC-ND / Marsyas Academic Research,GTZAN
gtzan_jazz_00071,datasets/processed/gtzan_jazz_jazz.00071.wav,Jazz,Jazz,Global / Western,gtzan_proxy_jazz_017,GTZAN,jazz/jazz.00071.wav,e4b00835d33ca79c499eabff71604da4996f96e6c5588dc67b5f5d7b7a5d4c7b,30.01,GTZAN Genre Collection,2002,train,CC-BY-NC-ND / Marsyas Academic Research,GTZAN
gtzan_jazz_00072,datasets/processed/gtzan_jazz_jazz.00072.wav,Jazz,Jazz,Global / Western,gtzan_proxy_jazz_018,GTZAN,jazz/jazz.00072.wav,1941b4d7dcf47a89b8860cfdc16d56538cf6c4db20a93b9179e3ff99c56e9753,30.01,GTZAN Genre Collection,2002,train,CC-BY-NC-ND / Marsyas Academic Research,GTZAN
gtzan_metal_00002,datasets/processed/gtzan_metal_metal.00002.wav,Metal,Metal,Global / Western,gtzan_proxy_metal_000,GTZAN,metal/metal.00002.wav,ac98e8802a88a021b3f69aee222c84e83b0938224357d22da0f535acd64b31d6,30.0,GTZAN Genre Collection,2002,train,CC-BY-NC-ND / Marsyas Academic Research,GTZAN
gtzan_metal_00003,datasets/processed/gtzan_metal_metal.00003.wav,Metal,Metal,Global / Western,gtzan_proxy_metal_000,GTZAN,metal/metal.00003.wav,9b5c9dfe7874510e38c5f91a4ac5a57e8feead48911c4294a1151797b9153f7c,30.0,GTZAN Genre Collection,2002,train,CC-BY-NC-ND / Marsyas Academic Research,GTZAN
gtzan_metal_00005,datasets/processed/gtzan_metal_metal.00005.wav,Metal,Metal,Global / Western,gtzan_proxy_metal_001,GTZAN,metal/metal.00005.wav,3222e2d05d9de9546d24e146a4009d4e28be108ad7458e98f8561768aa30fd73,30.0,GTZAN Genre Collection,2002,train,CC-BY-NC-ND / Marsyas Academic Research,GTZAN
gtzan_metal_00021,datasets/processed/gtzan_metal_metal.00021.wav,Metal,Metal,Global / Western,gtzan_proxy_metal_005,GTZAN,metal/metal.00021.wav,adb4b1c11db7cb648a4f2016986a908ae5f550c37c1dd4f01713bcd74d15cf1f,30.0,GTZAN Genre Collection,2002,train,CC-BY-NC-ND / Marsyas Academic Research,GTZAN
gtzan_metal_00024,datasets/processed/gtzan_metal_metal.00024.wav,Metal,Metal,Global / Western,gtzan_proxy_metal_006,GTZAN,metal/metal.00024.wav,186e179a06f14efe3ff93e23314f50effe3c0ae34779a382653e67ab08cea26c,30.0,GTZAN Genre Collection,2002,train,CC-BY-NC-ND / Marsyas Academic Research,GTZAN
gtzan_metal_00035,datasets/processed/gtzan_metal_metal.00035.wav,Metal,Metal,Global / Western,gtzan_proxy_metal_008,GTZAN,metal/metal.00035.wav,95af2d729001acdeff3d9c05217a1652449c188c3c674c6738cfd69269912ee0,30.0,GTZAN Genre Collection,2002,train,CC-BY-NC-ND / Marsyas Academic Research,GTZAN
gtzan_metal_00046,datasets/processed/gtzan_metal_metal.00046.wav,Metal,Metal,Global / Western,gtzan_proxy_metal_011,GTZAN,metal/metal.00046.wav,c382213acd91e53a6c2aa57e9b8237179290f9a5b658e9c4061ebd23405cfb21,30.01,GTZAN Genre Collection,2002,train,CC-BY-NC-ND / Marsyas Academic Research,GTZAN
gtzan_metal_00047,datasets/processed/gtzan_metal_metal.00047.wav,Metal,Metal,Global / Western,gtzan_proxy_metal_011,GTZAN,metal/metal.00047.wav,16f4ad9525a3442d5520b0a3005efdd4681a47eaf6b54623c656fa4ab3749cf0,30.01,GTZAN Genre Collection,2002,train,CC-BY-NC-ND / Marsyas Academic Research,GTZAN
gtzan_metal_00048,datasets/processed/gtzan_metal_metal.00048.wav,Metal,Metal,Global / Western,gtzan_proxy_metal_012,GTZAN,metal/metal.00048.wav,d0a252adbb77fc291b55c168ab578b3bc9b7e4765ac56fdd7a2ac0c3abcbbdb8,30.01,GTZAN Genre Collection,2002,train,CC-BY-NC-ND / Marsyas Academic Research,GTZAN
gtzan_metal_00049,datasets/processed/gtzan_metal_metal.00049.wav,Metal,Metal,Global / Western,gtzan_proxy_metal_012,GTZAN,metal/metal.00049.wav,27b6047214c636356f5535de7d00f704c04f95ab179d2649f4d81114fac83d60,30.01,GTZAN Genre Collection,2002,train,CC-BY-NC-ND / Marsyas Academic Research,GTZAN
gtzan_metal_00050,datasets/processed/gtzan_metal_metal.00050.wav,Metal,Metal,Global / Western,gtzan_proxy_metal_012,GTZAN,metal/metal.00050.wav,8d2145d1f104a9ba81e28a97e7e6a909ed7525f92ba9d1695ff8d84703b8fd62,30.01,GTZAN Genre Collection,2002,train,CC-BY-NC-ND / Marsyas Academic Research,GTZAN
gtzan_metal_00051,datasets/processed/gtzan_metal_metal.00051.wav,Metal,Metal,Global / Western,gtzan_proxy_metal_012,GTZAN,metal/metal.00051.wav,31ef12516b0ee57f0217574c5901625a5b0c910718ee9d671ab79c217a0faaed,30.01,GTZAN Genre Collection,2002,train,CC-BY-NC-ND / Marsyas Academic Research,GTZAN
gtzan_metal_00052,datasets/processed/gtzan_metal_metal.00052.wav,Metal,Metal,Global / Western,gtzan_proxy_metal_013,GTZAN,metal/metal.00052.wav,ca7c6b0b868e1f420d823947d78116c4d6c4266cadccc8240a3588b161a22caf,30.01,GTZAN Genre Collection,2002,train,CC-BY-NC-ND / Marsyas Academic Research,GTZAN
gtzan_metal_00053,datasets/processed/gtzan_metal_metal.00053.wav,Metal,Metal,Global / Western,gtzan_proxy_metal_013,GTZAN,metal/metal.00053.wav,dd696762d73e777c207d5af7b7cdebcf150488235e17b6ee5090b73ad0c1aad2,30.01,GTZAN Genre Collection,2002,train,CC-BY-NC-ND / Marsyas Academic Research,GTZAN
gtzan_metal_00054,datasets/processed/gtzan_metal_metal.00054.wav,Metal,Metal,Global / Western,gtzan_proxy_metal_013,GTZAN,metal/metal.00054.wav,61df4d72998708c97505320322441c519f2d86e1e2ad9ed167d80abe9624e682,30.01,GTZAN Genre Collection,2002,train,CC-BY-NC-ND / Marsyas Academic Research,GTZAN
gtzan_metal_00055,datasets/processed/gtzan_metal_metal.00055.wav,Metal,Metal,Global / Western,gtzan_proxy_metal_013,GTZAN,metal/metal.00055.wav,6319a6f618f45b9b75c8f8946f5e15867cb9ee6cbffa253fd3e929db4c375157,30.01,GTZAN Genre Collection,2002,train,CC-BY-NC-ND / Marsyas Academic Research,GTZAN
gtzan_metal_00056,datasets/processed/gtzan_metal_metal.00056.wav,Metal,Metal,Global / Western,gtzan_proxy_metal_014,GTZAN,metal/metal.00056.wav,844fade0e16b583974df1041dcded84f89d0fe40adf189db5add09b068c00493,30.01,GTZAN Genre Collection,2002,train,CC-BY-NC-ND / Marsyas Academic Research,GTZAN
gtzan_metal_00057,datasets/processed/gtzan_metal_metal.00057.wav,Metal,Metal,Global / Western,gtzan_proxy_metal_014,GTZAN,metal/metal.00057.wav,a16a88fc501b9864d634762520db884e92f3578ac9d76b0a9041761635c6fcdf,30.01,GTZAN Genre Collection,2002,train,CC-BY-NC-ND / Marsyas Academic Research,GTZAN
gtzan_metal_00059,datasets/processed/gtzan_metal_metal.00059.wav,Metal,Metal,Global / Western,gtzan_proxy_metal_014,GTZAN,metal/metal.00059.wav,433256544a7d4595356c387b5ad6485ecf30864c5495b02c5e0d0784a60effa4,30.01,GTZAN Genre Collection,2002,train,CC-BY-NC-ND / Marsyas Academic Research,GTZAN
gtzan_metal_00060,datasets/processed/gtzan_metal_metal.00060.wav,Metal,Metal,Global / Western,gtzan_proxy_metal_015,GTZAN,metal/metal.00060.wav,b8f85b9cb0d652847d31f99ac711926c9ae0fc7c399a770784f15fa174e52560,30.01,GTZAN Genre Collection,2002,train,CC-BY-NC-ND / Marsyas Academic Research,GTZAN
gtzan_metal_00061,datasets/processed/gtzan_metal_metal.00061.wav,Metal,Metal,Global / Western,gtzan_proxy_metal_015,GTZAN,metal/metal.00061.wav,f71e742f129bd0e8ca8d625e22e5e0aa9fffcacc3af436d8a99f5097509dbe5a,30.01,GTZAN Genre Collection,2002,train,CC-BY-NC-ND / Marsyas Academic Research,GTZAN
gtzan_metal_00062,datasets/processed/gtzan_metal_metal.00062.wav,Metal,Metal,Global / Western,gtzan_proxy_metal_015,GTZAN,metal/metal.00062.wav,e3ce257ad26a7800e1fb4b5c2843c1d8b1b1cecaef214bd724ab54fc1dfac16c,30.01,GTZAN Genre Collection,2002,train,CC-BY-NC-ND / Marsyas Academic Research,GTZAN
gtzan_metal_00063,datasets/processed/gtzan_metal_metal.00063.wav,Metal,Metal,Global / Western,gtzan_proxy_metal_015,GTZAN,metal/metal.00063.wav,d6c54416a3fd38a81273a44daa0d11720e06f43e2454457a68ff2d4c360dfe00,30.01,GTZAN Genre Collection,2002,train,CC-BY-NC-ND / Marsyas Academic Research,GTZAN
gtzan_metal_00064,datasets/processed/gtzan_metal_metal.00064.wav,Metal,Metal,Global / Western,gtzan_proxy_metal_016,GTZAN,metal/metal.00064.wav,77caadd566dc0c6dbc2dbceb7a580bca76f93890433f14899ebc522e385c1f50,30.01,GTZAN Genre Collection,2002,train,CC-BY-NC-ND / Marsyas Academic Research,GTZAN
gtzan_metal_00065,datasets/processed/gtzan_metal_metal.00065.wav,Metal,Metal,Global / Western,gtzan_proxy_metal_016,GTZAN,metal/metal.00065.wav,ff1bfb42804b74fce27b6bc0cff65dc82667ea286af14f909ec7766ce277e208,30.01,GTZAN Genre Collection,2002,train,CC-BY-NC-ND / Marsyas Academic Research,GTZAN
gtzan_metal_00066,datasets/processed/gtzan_metal_metal.00066.wav,Metal,Metal,Global / Western,gtzan_proxy_metal_016,GTZAN,metal/metal.00066.wav,10fd707bbe24f87dd3554db85363000f2bb78b68bba5d06cfae2aafccfb21e09,30.01,GTZAN Genre Collection,2002,train,CC-BY-NC-ND / Marsyas Academic Research,GTZAN
gtzan_metal_00069,datasets/processed/gtzan_metal_metal.00069.wav,Metal,Metal,Global / Western,gtzan_proxy_metal_017,GTZAN,metal/metal.00069.wav,6d41ad4a753ef9d907cbbe7fef0a24aaf9ed014f8b2307671f947655c9168c64,30.0,GTZAN Genre Collection,2002,train,CC-BY-NC-ND / Marsyas Academic Research,GTZAN
gtzan_metal_00071,datasets/processed/gtzan_metal_metal.00071.wav,Metal,Metal,Global / Western,gtzan_proxy_metal_017,GTZAN,metal/metal.00071.wav,6fc50eed3429126086a7940fbaed94d203605f677fa2165ccc9d92f8156880f7,30.0,GTZAN Genre Collection,2002,train,CC-BY-NC-ND / Marsyas Academic Research,GTZAN
gtzan_metal_00072,datasets/processed/gtzan_metal_metal.00072.wav,Metal,Metal,Global / Western,gtzan_proxy_metal_018,GTZAN,metal/metal.00072.wav,29c429ef063f6d7f27625a52961cdbedbbbf307085757d4cca7c42d02dee682b,30.0,GTZAN Genre Collection,2002,train,CC-BY-NC-ND / Marsyas Academic Research,GTZAN
gtzan_metal_00079,datasets/processed/gtzan_metal_metal.00079.wav,Metal,Metal,Global / Western,gtzan_proxy_metal_019,GTZAN,metal/metal.00079.wav,13f5700e9a5827f46d6653edfba9c71b5255cfe017af4b6ccebe4428e5178776,30.0,GTZAN Genre Collection,2002,train,CC-BY-NC-ND / Marsyas Academic Research,GTZAN
gtzan_metal_00080,datasets/processed/gtzan_metal_metal.00080.wav,Metal,Metal,Global / Western,gtzan_proxy_metal_020,GTZAN,metal/metal.00080.wav,235772eaee98e123d1cc2d6bc5a5a49acdba1b457c9405a3689ecf0f70878d63,30.0,GTZAN Genre Collection,2002,train,CC-BY-NC-ND / Marsyas Academic Research,GTZAN
gtzan_metal_00084,datasets/processed/gtzan_metal_metal.00084.wav,Metal,Metal,Global / Western,gtzan_proxy_metal_021,GTZAN,metal/metal.00084.wav,769028cdf1194694ca075597bc19acd9c34100bfc838dab99f20367b63b58a46,30.0,GTZAN Genre Collection,2002,train,CC-BY-NC-ND / Marsyas Academic Research,GTZAN
gtzan_metal_00086,datasets/processed/gtzan_metal_metal.00086.wav,Metal,Metal,Global / Western,gtzan_proxy_metal_021,GTZAN,metal/metal.00086.wav,c3b60610d86c2a6f6c76ba66c1231bd212821cbfbc1123da9fc2bc2f05e9ed16,30.0,GTZAN Genre Collection,2002,train,CC-BY-NC-ND / Marsyas Academic Research,GTZAN
gtzan_metal_00089,datasets/processed/gtzan_metal_metal.00089.wav,Metal,Metal,Global / Western,gtzan_proxy_metal_022,GTZAN,metal/metal.00089.wav,97aa35f781d18154bff69c716be0d003017e4877e274baff3946a71ea3b1ec80,30.0,GTZAN Genre Collection,2002,train,CC-BY-NC-ND / Marsyas Academic Research,GTZAN
gtzan_metal_00090,datasets/processed/gtzan_metal_metal.00090.wav,Metal,Metal,Global / Western,gtzan_proxy_metal_022,GTZAN,metal/metal.00090.wav,d23337640eae02235fd240a7b6eee6dd8b00cf09ccca2e1d7dc0d131c7c5ba47,30.0,GTZAN Genre Collection,2002,train,CC-BY-NC-ND / Marsyas Academic Research,GTZAN
gtzan_metal_00091,datasets/processed/gtzan_metal_metal.00091.wav,Metal,Metal,Global / Western,gtzan_proxy_metal_022,GTZAN,metal/metal.00091.wav,a765b8fdee02befb10a8848cd6eb47f6e80fb1fb3b36b7ba41c7809ab6269aea,30.0,GTZAN Genre Collection,2002,train,CC-BY-NC-ND / Marsyas Academic Research,GTZAN
gtzan_metal_00092,datasets/processed/gtzan_metal_metal.00092.wav,Metal,Metal,Global / Western,gtzan_proxy_metal_023,GTZAN,metal/metal.00092.wav,225e530c4abfef72f673c034986567347290decbcfbc84274ba6be31c63b297e,30.0,GTZAN Genre Collection,2002,train,CC-BY-NC-ND / Marsyas Academic Research,GTZAN
gtzan_metal_00093,datasets/processed/gtzan_metal_metal.00093.wav,Metal,Metal,Global / Western,gtzan_proxy_metal_023,GTZAN,metal/metal.00093.wav,e2c1c6d35649a60c60557a8cf59fe06b8d32e57be0048ded737aeed7453dfc55,30.0,GTZAN Genre Collection,2002,train,CC-BY-NC-ND / Marsyas Academic Research,GTZAN
gtzan_metal_00094,datasets/processed/gtzan_metal_metal.00094.wav,Metal,Metal,Global / Western,gtzan_proxy_metal_023,GTZAN,metal/metal.00094.wav,3243ee5f098c2840ec1d7acde3b6a436e4f8e175e35f9bd0be2ecc7e05129292,30.0,GTZAN Genre Collection,2002,train,CC-BY-NC-ND / Marsyas Academic Research,GTZAN
gtzan_metal_00095,datasets/processed/gtzan_metal_metal.00095.wav,Metal,Metal,Global / Western,gtzan_proxy_metal_023,GTZAN,metal/metal.00095.wav,39d8f3afca85c42489cba14fd47e82f5c6163cd5ad258eb728114cd6113dcd3f,30.01,GTZAN Genre Collection,2002,train,CC-BY-NC-ND / Marsyas Academic Research,GTZAN
gtzan_metal_00096,datasets/processed/gtzan_metal_metal.00096.wav,Metal,Metal,Global / Western,gtzan_proxy_metal_024,GTZAN,metal/metal.00096.wav,f1c3b73611049b463efb648b289fdb2896e8eb99600e0a3820782c17dc4c22c9,30.01,GTZAN Genre Collection,2002,train,CC-BY-NC-ND / Marsyas Academic Research,GTZAN
gtzan_metal_00097,datasets/processed/gtzan_metal_metal.00097.wav,Metal,Metal,Global / Western,gtzan_proxy_metal_024,GTZAN,metal/metal.00097.wav,66961c363cc6df997bf40d6448d1cbf21a91e52628af17c353572cbfd1c2b77b,30.01,GTZAN Genre Collection,2002,train,CC-BY-NC-ND / Marsyas Academic Research,GTZAN
gtzan_metal_00098,datasets/processed/gtzan_metal_metal.00098.wav,Metal,Metal,Global / Western,gtzan_proxy_metal_024,GTZAN,metal/metal.00098.wav,2077e24cbd9e0213ecb541679dd7e1668e2c3d06aea329d610ff1f6c88d15d36,30.01,GTZAN Genre Collection,2002,train,CC-BY-NC-ND / Marsyas Academic Research,GTZAN
gtzan_metal_00099,datasets/processed/gtzan_metal_metal.00099.wav,Metal,Metal,Global / Western,gtzan_proxy_metal_024,GTZAN,metal/metal.00099.wav,066092ac2663735fe501fdf859d4d4c99ab0089b39f96a5c0d8e98fd160d5755,30.01,GTZAN Genre Collection,2002,train,CC-BY-NC-ND / Marsyas Academic Research,GTZAN
gtzan_pop_00002,datasets/processed/gtzan_pop_pop.00002.wav,Pop,Pop,Global / Western,gtzan_proxy_pop_000,GTZAN,pop/pop.00002.wav,5a30dbaead0975c1abb68b38d6352175b57bd947cbe08c29b78dbf8c9f3c5f10,30.0,GTZAN Genre Collection,2002,train,CC-BY-NC-ND / Marsyas Academic Research,GTZAN
gtzan_pop_00003,datasets/processed/gtzan_pop_pop.00003.wav,Pop,Pop,Global / Western,gtzan_proxy_pop_000,GTZAN,pop/pop.00003.wav,27880611daf1310209aa356f739c52f10e9f3d33bc0a4b9602c83508561e924d,30.0,GTZAN Genre Collection,2002,train,CC-BY-NC-ND / Marsyas Academic Research,GTZAN
gtzan_pop_00004,datasets/processed/gtzan_pop_pop.00004.wav,Pop,Pop,Global / Western,gtzan_proxy_pop_001,GTZAN,pop/pop.00004.wav,7eaabdb7acb345a78152a5326528d1e23dcc219e86da51408a8f8d9338c1ec7d,30.0,GTZAN Genre Collection,2002,train,CC-BY-NC-ND / Marsyas Academic Research,GTZAN
gtzan_pop_00005,datasets/processed/gtzan_pop_pop.00005.wav,Pop,Pop,Global / Western,gtzan_proxy_pop_001,GTZAN,pop/pop.00005.wav,c738bc750c891fead5fd619dc476d374057214f194a901713573d61524e0095a,30.0,GTZAN Genre Collection,2002,train,CC-BY-NC-ND / Marsyas Academic Research,GTZAN
gtzan_pop_00006,datasets/processed/gtzan_pop_pop.00006.wav,Pop,Pop,Global / Western,gtzan_proxy_pop_001,GTZAN,pop/pop.00006.wav,e70fc84c1c6f64953ccea97e15041959692053b53880d896ad800733bfd99aba,30.0,GTZAN Genre Collection,2002,train,CC-BY-NC-ND / Marsyas Academic Research,GTZAN
gtzan_pop_00007,datasets/processed/gtzan_pop_pop.00007.wav,Pop,Pop,Global / Western,gtzan_proxy_pop_001,GTZAN,pop/pop.00007.wav,ae1f514141cd96b60c0bb7ea950bd0d76d25a9f2640978aa76830d82bf9bc516,30.0,GTZAN Genre Collection,2002,train,CC-BY-NC-ND / Marsyas Academic Research,GTZAN
gtzan_pop_00008,datasets/processed/gtzan_pop_pop.00008.wav,Pop,Pop,Global / Western,gtzan_proxy_pop_002,GTZAN,pop/pop.00008.wav,8024db311a4c6d2b95cc9444032e9ae6dbfa865e25c556da7374756e14d809e0,30.0,GTZAN Genre Collection,2002,train,CC-BY-NC-ND / Marsyas Academic Research,GTZAN
gtzan_pop_00009,datasets/processed/gtzan_pop_pop.00009.wav,Pop,Pop,Global / Western,gtzan_proxy_pop_002,GTZAN,pop/pop.00009.wav,d7698c6c4964a5bc38b6e80973118674d612b433fda238932c41ed2d58ca9206,30.0,GTZAN Genre Collection,2002,train,CC-BY-NC-ND / Marsyas Academic Research,GTZAN
gtzan_pop_00011,datasets/processed/gtzan_pop_pop.00011.wav,Pop,Pop,Global / Western,gtzan_proxy_pop_002,GTZAN,pop/pop.00011.wav,8b457d4cadb888a59a7b2dced5c7785fce6d7e1e272c2bc3832ceb0bb3507b53,30.0,GTZAN Genre Collection,2002,train,CC-BY-NC-ND / Marsyas Academic Research,GTZAN
gtzan_pop_00012,datasets/processed/gtzan_pop_pop.00012.wav,Pop,Pop,Global / Western,gtzan_proxy_pop_003,GTZAN,pop/pop.00012.wav,0d3b289a62e99aa15eb8c45c1ebc0585f337776ab302ccf56d39544edf396e15,30.0,GTZAN Genre Collection,2002,train,CC-BY-NC-ND / Marsyas Academic Research,GTZAN
gtzan_pop_00016,datasets/processed/gtzan_pop_pop.00016.wav,Pop,Pop,Global / Western,gtzan_proxy_pop_004,GTZAN,pop/pop.00016.wav,9ce67ab8cdac9ffb2591ceaa8f0415c8e1597545ff1e769891576d90ba4636ca,30.0,GTZAN Genre Collection,2002,train,CC-BY-NC-ND / Marsyas Academic Research,GTZAN
gtzan_pop_00017,datasets/processed/gtzan_pop_pop.00017.wav,Pop,Pop,Global / Western,gtzan_proxy_pop_004,GTZAN,pop/pop.00017.wav,f2ba96e7bca19a105d6b22e5c707d0cb441dcb52d671aea7c9c1394375e240e9,30.0,GTZAN Genre Collection,2002,train,CC-BY-NC-ND / Marsyas Academic Research,GTZAN
gtzan_pop_00018,datasets/processed/gtzan_pop_pop.00018.wav,Pop,Pop,Global / Western,gtzan_proxy_pop_004,GTZAN,pop/pop.00018.wav,56c71b3363c6e3a37d28f25dd4a5a2178f8db005f0040c2cf081dd20a9158fb5,30.0,GTZAN Genre Collection,2002,train,CC-BY-NC-ND / Marsyas Academic Research,GTZAN
gtzan_pop_00019,datasets/processed/gtzan_pop_pop.00019.wav,Pop,Pop,Global / Western,gtzan_proxy_pop_004,GTZAN,pop/pop.00019.wav,9b570a8e3b708f508700c08ea26f58ba3eb37791cb778d4c8c6b9e7e62ebd4c1,30.0,GTZAN Genre Collection,2002,train,CC-BY-NC-ND / Marsyas Academic Research,GTZAN
gtzan_pop_00020,datasets/processed/gtzan_pop_pop.00020.wav,Pop,Pop,Global / Western,gtzan_proxy_pop_005,GTZAN,pop/pop.00020.wav,fc372d8770ff1069aa9bdaecf7ab5af10abf4d4aaeeda6224481f9913fb0f5bd,30.0,GTZAN Genre Collection,2002,train,CC-BY-NC-ND / Marsyas Academic Research,GTZAN
gtzan_pop_00023,datasets/processed/gtzan_pop_pop.00023.wav,Pop,Pop,Global / Western,gtzan_proxy_pop_005,GTZAN,pop/pop.00023.wav,ee2f2c1b54d277dfe30aad64e257cb764593904adda8774ce9545e08da6b56fc,30.0,GTZAN Genre Collection,2002,train,CC-BY-NC-ND / Marsyas Academic Research,GTZAN
gtzan_pop_00024,datasets/processed/gtzan_pop_pop.00024.wav,Pop,Pop,Global / Western,gtzan_proxy_pop_006,GTZAN,pop/pop.00024.wav,c2d2b73a1009aeecbe8a7841117fe81258884f32ab3118e6765b0dee817caa01,30.0,GTZAN Genre Collection,2002,train,CC-BY-NC-ND / Marsyas Academic Research,GTZAN
gtzan_pop_00025,datasets/processed/gtzan_pop_pop.00025.wav,Pop,Pop,Global / Western,gtzan_proxy_pop_006,GTZAN,pop/pop.00025.wav,a1a22216ca7f07b086ddaed4aec758a5d7047623465dc4dfdf3f546bba21773a,30.0,GTZAN Genre Collection,2002,train,CC-BY-NC-ND / Marsyas Academic Research,GTZAN
gtzan_pop_00026,datasets/processed/gtzan_pop_pop.00026.wav,Pop,Pop,Global / Western,gtzan_proxy_pop_006,GTZAN,pop/pop.00026.wav,39cc70107aee9548b8d45b2edef9fe91169cd7d4a530962b398bad5371289e0e,30.0,GTZAN Genre Collection,2002,train,CC-BY-NC-ND / Marsyas Academic Research,GTZAN
gtzan_pop_00027,datasets/processed/gtzan_pop_pop.00027.wav,Pop,Pop,Global / Western,gtzan_proxy_pop_006,GTZAN,pop/pop.00027.wav,f3f65d263216eb6b3f4582c1c35eda215cee45fb4512a47399734ff72951e595,30.0,GTZAN Genre Collection,2002,train,CC-BY-NC-ND / Marsyas Academic Research,GTZAN
gtzan_pop_00028,datasets/processed/gtzan_pop_pop.00028.wav,Pop,Pop,Global / Western,gtzan_proxy_pop_007,GTZAN,pop/pop.00028.wav,3c55dd128c208442d423c9377cb4e690c458bb9b12ffb6e1d4d0c15285c707eb,30.0,GTZAN Genre Collection,2002,train,CC-BY-NC-ND / Marsyas Academic Research,GTZAN
gtzan_pop_00029,datasets/processed/gtzan_pop_pop.00029.wav,Pop,Pop,Global / Western,gtzan_proxy_pop_007,GTZAN,pop/pop.00029.wav,30c563692bfaa17ae8c9b86670ac838dfdeae345e66f56bfa8918a164a18845e,30.0,GTZAN Genre Collection,2002,train,CC-BY-NC-ND / Marsyas Academic Research,GTZAN
gtzan_pop_00031,datasets/processed/gtzan_pop_pop.00031.wav,Pop,Pop,Global / Western,gtzan_proxy_pop_007,GTZAN,pop/pop.00031.wav,403ccd95373533fb7d5a6d74359f1255a9618df198e79a9043425be5e2accbfe,30.0,GTZAN Genre Collection,2002,train,CC-BY-NC-ND / Marsyas Academic Research,GTZAN
gtzan_pop_00032,datasets/processed/gtzan_pop_pop.00032.wav,Pop,Pop,Global / Western,gtzan_proxy_pop_008,GTZAN,pop/pop.00032.wav,b24c5ac242ef11ee96b7f5e7d2c58b9e875563582630e2cce80dbc4d66eb994c,30.0,GTZAN Genre Collection,2002,train,CC-BY-NC-ND / Marsyas Academic Research,GTZAN
gtzan_pop_00033,datasets/processed/gtzan_pop_pop.00033.wav,Pop,Pop,Global / Western,gtzan_proxy_pop_008,GTZAN,pop/pop.00033.wav,04b62ab019cf44198df074f5e36c3bf2f393f34b74fd2afb0c373b3f155da9de,30.0,GTZAN Genre Collection,2002,train,CC-BY-NC-ND / Marsyas Academic Research,GTZAN
gtzan_pop_00034,datasets/processed/gtzan_pop_pop.00034.wav,Pop,Pop,Global / Western,gtzan_proxy_pop_008,GTZAN,pop/pop.00034.wav,bca0763b483b4a934263d9ab1b58525a597de7f9aaac2978ac946d531f2b42bc,30.0,GTZAN Genre Collection,2002,train,CC-BY-NC-ND / Marsyas Academic Research,GTZAN
gtzan_pop_00035,datasets/processed/gtzan_pop_pop.00035.wav,Pop,Pop,Global / Western,gtzan_proxy_pop_008,GTZAN,pop/pop.00035.wav,0d28f939653b5e7eb2e7aa2aa1f45de83dd30e59627edf93b93e4a21f31e8b00,30.0,GTZAN Genre Collection,2002,train,CC-BY-NC-ND / Marsyas Academic Research,GTZAN
gtzan_pop_00036,datasets/processed/gtzan_pop_pop.00036.wav,Pop,Pop,Global / Western,gtzan_proxy_pop_009,GTZAN,pop/pop.00036.wav,50b5d55d6ddc17e386fa40e5bd307a9d8048909f2956089c498119f2dc3dcdba,30.0,GTZAN Genre Collection,2002,train,CC-BY-NC-ND / Marsyas Academic Research,GTZAN
gtzan_pop_00038,datasets/processed/gtzan_pop_pop.00038.wav,Pop,Pop,Global / Western,gtzan_proxy_pop_009,GTZAN,pop/pop.00038.wav,f71edeeb1739a58b4a6929dbe4341444e19c5304fece3be05b35f644aedcfdcb,30.0,GTZAN Genre Collection,2002,train,CC-BY-NC-ND / Marsyas Academic Research,GTZAN
gtzan_pop_00039,datasets/processed/gtzan_pop_pop.00039.wav,Pop,Pop,Global / Western,gtzan_proxy_pop_009,GTZAN,pop/pop.00039.wav,3b7127b75970cbb30b7967dbdee743ced0ce33a3ab2c9d4434fa0b68b1b60820,30.0,GTZAN Genre Collection,2002,train,CC-BY-NC-ND / Marsyas Academic Research,GTZAN
gtzan_pop_00040,datasets/processed/gtzan_pop_pop.00040.wav,Pop,Pop,Global / Western,gtzan_proxy_pop_010,GTZAN,pop/pop.00040.wav,12f1ba029d23ee3211a702272961fc1209a91ca7b48dac86d60043874ff49f4f,30.0,GTZAN Genre Collection,2002,train,CC-BY-NC-ND / Marsyas Academic Research,GTZAN
gtzan_pop_00041,datasets/processed/gtzan_pop_pop.00041.wav,Pop,Pop,Global / Western,gtzan_proxy_pop_010,GTZAN,pop/pop.00041.wav,6efd2c3852f9bd89e1548e386fc7bc77145097f88d80808545799dc21ebfd59e,30.0,GTZAN Genre Collection,2002,train,CC-BY-NC-ND / Marsyas Academic Research,GTZAN
gtzan_pop_00042,datasets/processed/gtzan_pop_pop.00042.wav,Pop,Pop,Global / Western,gtzan_proxy_pop_010,GTZAN,pop/pop.00042.wav,d4e9e19b9ec84d6a68a1f5fa12cf6d1500c083d3194fd51145a3ca44df72e334,30.0,GTZAN Genre Collection,2002,train,CC-BY-NC-ND / Marsyas Academic Research,GTZAN
gtzan_pop_00044,datasets/processed/gtzan_pop_pop.00044.wav,Pop,Pop,Global / Western,gtzan_proxy_pop_011,GTZAN,pop/pop.00044.wav,37657604142126b96a4236ca2c59351a69bcce35aeece9332c770cadf425e277,30.0,GTZAN Genre Collection,2002,train,CC-BY-NC-ND / Marsyas Academic Research,GTZAN
gtzan_pop_00046,datasets/processed/gtzan_pop_pop.00046.wav,Pop,Pop,Global / Western,gtzan_proxy_pop_011,GTZAN,pop/pop.00046.wav,492a2d01e4b0d8fe813ad68fd3841abea49b454207290514a3a7e140befbfefb,30.0,GTZAN Genre Collection,2002,train,CC-BY-NC-ND / Marsyas Academic Research,GTZAN
gtzan_pop_00049,datasets/processed/gtzan_pop_pop.00049.wav,Pop,Pop,Global / Western,gtzan_proxy_pop_012,GTZAN,pop/pop.00049.wav,81e2ea79da9f94a856d7a81ef710b6ab079c82d3342e46b2489808b4a1a42405,30.0,GTZAN Genre Collection,2002,train,CC-BY-NC-ND / Marsyas Academic Research,GTZAN
gtzan_pop_00050,datasets/processed/gtzan_pop_pop.00050.wav,Pop,Pop,Global / Western,gtzan_proxy_pop_012,GTZAN,pop/pop.00050.wav,06664b353c58d4e819ee2371edb615942a183fc5af889001c501ed2dc7af5516,30.0,GTZAN Genre Collection,2002,train,CC-BY-NC-ND / Marsyas Academic Research,GTZAN
gtzan_pop_00080,datasets/processed/gtzan_pop_pop.00080.wav,Pop,Pop,Global / Western,gtzan_proxy_pop_020,GTZAN,pop/pop.00080.wav,78f79d0863fa07e8cbca4b7be3e213ce51c7948efea6f4a5ea44a1e1c363c0d6,30.0,GTZAN Genre Collection,2002,train,CC-BY-NC-ND / Marsyas Academic Research,GTZAN
gtzan_pop_00097,datasets/processed/gtzan_pop_pop.00097.wav,Pop,Pop,Global / Western,gtzan_proxy_pop_024,GTZAN,pop/pop.00097.wav,8f253b2f435d9ab2f12b0cf77e7680f2cc15b3777ad6873af7c3c33960968734,30.0,GTZAN Genre Collection,2002,train,CC-BY-NC-ND / Marsyas Academic Research,GTZAN
gtzan_pop_00098,datasets/processed/gtzan_pop_pop.00098.wav,Pop,Pop,Global / Western,gtzan_proxy_pop_024,GTZAN,pop/pop.00098.wav,be6432a2857afbac9a9c785fcc4477501b8207102e464d06387f405555405667,30.0,GTZAN Genre Collection,2002,train,CC-BY-NC-ND / Marsyas Academic Research,GTZAN
gtzan_pop_00099,datasets/processed/gtzan_pop_pop.00099.wav,Pop,Pop,Global / Western,gtzan_proxy_pop_024,GTZAN,pop/pop.00099.wav,638ed74941cfe61f38aeaaa2bce4ed77025ec5e2daab12dff9615c48a00ddd76,30.0,GTZAN Genre Collection,2002,train,CC-BY-NC-ND / Marsyas Academic Research,GTZAN
gtzan_reggae_00000,datasets/processed/gtzan_reggae_reggae.00000.wav,Reggae,Reggae,Global / Western,gtzan_proxy_reggae_000,GTZAN,reggae/reggae.00000.wav,583b13a6aee7027773301c655631edbda919d877011c38d69f046a812a50e4e5,30.01,GTZAN Genre Collection,2002,train,CC-BY-NC-ND / Marsyas Academic Research,GTZAN
gtzan_reggae_00001,datasets/processed/gtzan_reggae_reggae.00001.wav,Reggae,Reggae,Global / Western,gtzan_proxy_reggae_000,GTZAN,reggae/reggae.00001.wav,eb55f6768e37997d9ea88a7490a2aff535ece8de267fbe45d73ec53664bf3fe0,30.01,GTZAN Genre Collection,2002,train,CC-BY-NC-ND / Marsyas Academic Research,GTZAN
gtzan_reggae_00002,datasets/processed/gtzan_reggae_reggae.00002.wav,Reggae,Reggae,Global / Western,gtzan_proxy_reggae_000,GTZAN,reggae/reggae.00002.wav,86b857e70fd16cae18e3b3ef7eb1a514c46612e305fb1d99136ec01417d96594,30.01,GTZAN Genre Collection,2002,train,CC-BY-NC-ND / Marsyas Academic Research,GTZAN
gtzan_reggae_00004,datasets/processed/gtzan_reggae_reggae.00004.wav,Reggae,Reggae,Global / Western,gtzan_proxy_reggae_001,GTZAN,reggae/reggae.00004.wav,1aed7d7c037e5cd97be91d83b3c266639413f8f21a7a60f17967a466859cba7b,30.01,GTZAN Genre Collection,2002,train,CC-BY-NC-ND / Marsyas Academic Research,GTZAN
gtzan_reggae_00006,datasets/processed/gtzan_reggae_reggae.00006.wav,Reggae,Reggae,Global / Western,gtzan_proxy_reggae_001,GTZAN,reggae/reggae.00006.wav,95aae5aa4c42f2635deffd2ffbc0920fc0161f84aeebe49f075a91935491b9a3,30.01,GTZAN Genre Collection,2002,train,CC-BY-NC-ND / Marsyas Academic Research,GTZAN
gtzan_reggae_00009,datasets/processed/gtzan_reggae_reggae.00009.wav,Reggae,Reggae,Global / Western,gtzan_proxy_reggae_002,GTZAN,reggae/reggae.00009.wav,3c7a85c9f217e6cecd9a0c2aee55cc823d49d8291557431c2349b0978557d236,30.01,GTZAN Genre Collection,2002,train,CC-BY-NC-ND / Marsyas Academic Research,GTZAN
gtzan_reggae_00011,datasets/processed/gtzan_reggae_reggae.00011.wav,Reggae,Reggae,Global / Western,gtzan_proxy_reggae_002,GTZAN,reggae/reggae.00011.wav,5d29f8b62b3b82d3bf7f49f2cff83bde85e7df6ebf879bfdee4e546e109155b3,30.01,GTZAN Genre Collection,2002,train,CC-BY-NC-ND / Marsyas Academic Research,GTZAN
gtzan_reggae_00012,datasets/processed/gtzan_reggae_reggae.00012.wav,Reggae,Reggae,Global / Western,gtzan_proxy_reggae_003,GTZAN,reggae/reggae.00012.wav,fa3115f80b8250f76595383220807c4f4c8e01658a841c72d70b3041692c7c04,30.01,GTZAN Genre Collection,2002,train,CC-BY-NC-ND / Marsyas Academic Research,GTZAN
gtzan_reggae_00014,datasets/processed/gtzan_reggae_reggae.00014.wav,Reggae,Reggae,Global / Western,gtzan_proxy_reggae_003,GTZAN,reggae/reggae.00014.wav,bfcb9956df356ebd2d774d5bb8d788bcc362835324b3be7d0b9ce5d1cc1e934f,30.01,GTZAN Genre Collection,2002,train,CC-BY-NC-ND / Marsyas Academic Research,GTZAN
gtzan_reggae_00015,datasets/processed/gtzan_reggae_reggae.00015.wav,Reggae,Reggae,Global / Western,gtzan_proxy_reggae_003,GTZAN,reggae/reggae.00015.wav,9b1f5967f3f898231e83385ae676b9f4831535d72c60b70ccde115bd358e454e,30.01,GTZAN Genre Collection,2002,train,CC-BY-NC-ND / Marsyas Academic Research,GTZAN
gtzan_reggae_00016,datasets/processed/gtzan_reggae_reggae.00016.wav,Reggae,Reggae,Global / Western,gtzan_proxy_reggae_004,GTZAN,reggae/reggae.00016.wav,2543c344b3c22c923663226ecc18c39c718288663b67b19ab3da1d83137fafdb,30.01,GTZAN Genre Collection,2002,train,CC-BY-NC-ND / Marsyas Academic Research,GTZAN
gtzan_reggae_00017,datasets/processed/gtzan_reggae_reggae.00017.wav,Reggae,Reggae,Global / Western,gtzan_proxy_reggae_004,GTZAN,reggae/reggae.00017.wav,53e904cf021f5c0414776df24f0ac3f61693624593cc609f81c06ea029713273,30.01,GTZAN Genre Collection,2002,train,CC-BY-NC-ND / Marsyas Academic Research,GTZAN
gtzan_reggae_00018,datasets/processed/gtzan_reggae_reggae.00018.wav,Reggae,Reggae,Global / Western,gtzan_proxy_reggae_004,GTZAN,reggae/reggae.00018.wav,30c3360dc0efd9844ef7f6daa08f60b11f0ce0615d7e1e1f4a728fe66623ddd7,30.01,GTZAN Genre Collection,2002,train,CC-BY-NC-ND / Marsyas Academic Research,GTZAN
gtzan_reggae_00019,datasets/processed/gtzan_reggae_reggae.00019.wav,Reggae,Reggae,Global / Western,gtzan_proxy_reggae_004,GTZAN,reggae/reggae.00019.wav,c27a5fe8593cc2c1a8c7d5f7df5499e2931ab07bfe1f6f4b19600d44b74fa886,30.01,GTZAN Genre Collection,2002,train,CC-BY-NC-ND / Marsyas Academic Research,GTZAN
gtzan_reggae_00020,datasets/processed/gtzan_reggae_reggae.00020.wav,Reggae,Reggae,Global / Western,gtzan_proxy_reggae_005,GTZAN,reggae/reggae.00020.wav,cff3e77170883adfbd3aa0ceb9a554cbc3268626447084b08ec85d168f81cbb0,30.01,GTZAN Genre Collection,2002,train,CC-BY-NC-ND / Marsyas Academic Research,GTZAN
gtzan_reggae_00021,datasets/processed/gtzan_reggae_reggae.00021.wav,Reggae,Reggae,Global / Western,gtzan_proxy_reggae_005,GTZAN,reggae/reggae.00021.wav,c0c69363fafba7da94b683177f05bb7d103553ad83e1ddae19a443be6d4cd539,30.01,GTZAN Genre Collection,2002,train,CC-BY-NC-ND / Marsyas Academic Research,GTZAN
gtzan_reggae_00022,datasets/processed/gtzan_reggae_reggae.00022.wav,Reggae,Reggae,Global / Western,gtzan_proxy_reggae_005,GTZAN,reggae/reggae.00022.wav,424f81c577e7d3742a54e8291d462122eaf7ba0f784fdbd50de6bf144abbc102,30.01,GTZAN Genre Collection,2002,train,CC-BY-NC-ND / Marsyas Academic Research,GTZAN
gtzan_reggae_00023,datasets/processed/gtzan_reggae_reggae.00023.wav,Reggae,Reggae,Global / Western,gtzan_proxy_reggae_005,GTZAN,reggae/reggae.00023.wav,3363f55647394284aa1221ae5ee64300f8aa9216357dce437351719ba2e4782a,30.01,GTZAN Genre Collection,2002,train,CC-BY-NC-ND / Marsyas Academic Research,GTZAN
gtzan_reggae_00024,datasets/processed/gtzan_reggae_reggae.00024.wav,Reggae,Reggae,Global / Western,gtzan_proxy_reggae_006,GTZAN,reggae/reggae.00024.wav,9187149f330890b8c2e0d00c11105f211ffbc53095805230c02e5e305274f81c,30.01,GTZAN Genre Collection,2002,train,CC-BY-NC-ND / Marsyas Academic Research,GTZAN
gtzan_reggae_00025,datasets/processed/gtzan_reggae_reggae.00025.wav,Reggae,Reggae,Global / Western,gtzan_proxy_reggae_006,GTZAN,reggae/reggae.00025.wav,961668934f8dad51c25558e173f76c9519f6f6a1e65718c5c68d7f891bcdf964,30.01,GTZAN Genre Collection,2002,train,CC-BY-NC-ND / Marsyas Academic Research,GTZAN
gtzan_reggae_00026,datasets/processed/gtzan_reggae_reggae.00026.wav,Reggae,Reggae,Global / Western,gtzan_proxy_reggae_006,GTZAN,reggae/reggae.00026.wav,b578797a8cfa93be9540ca99e804af48f7115682f8c98641416a4cc5941600b0,30.01,GTZAN Genre Collection,2002,train,CC-BY-NC-ND / Marsyas Academic Research,GTZAN
gtzan_reggae_00027,datasets/processed/gtzan_reggae_reggae.00027.wav,Reggae,Reggae,Global / Western,gtzan_proxy_reggae_006,GTZAN,reggae/reggae.00027.wav,9d878d075ae9523445973e57fb6ec779a3f3c72c8bb41977edbf7d4832f14f7b,30.01,GTZAN Genre Collection,2002,train,CC-BY-NC-ND / Marsyas Academic Research,GTZAN
gtzan_reggae_00028,datasets/processed/gtzan_reggae_reggae.00028.wav,Reggae,Reggae,Global / Western,gtzan_proxy_reggae_007,GTZAN,reggae/reggae.00028.wav,5230b5a9ecca2b2f16dbbb26ae8a32d7890c8772a1b231a86e2ae020626dc2b2,30.01,GTZAN Genre Collection,2002,train,CC-BY-NC-ND / Marsyas Academic Research,GTZAN
gtzan_reggae_00029,datasets/processed/gtzan_reggae_reggae.00029.wav,Reggae,Reggae,Global / Western,gtzan_proxy_reggae_007,GTZAN,reggae/reggae.00029.wav,cd97498b8de48d82df656fb663caf82cacc21af1f5e1568517f7c8a51e06d814,30.01,GTZAN Genre Collection,2002,train,CC-BY-NC-ND / Marsyas Academic Research,GTZAN
gtzan_reggae_00030,datasets/processed/gtzan_reggae_reggae.00030.wav,Reggae,Reggae,Global / Western,gtzan_proxy_reggae_007,GTZAN,reggae/reggae.00030.wav,cf3763f91402f41d01993d7c377b92fa7d7b2dced7a4696f0ebe772dde81fe59,30.01,GTZAN Genre Collection,2002,train,CC-BY-NC-ND / Marsyas Academic Research,GTZAN
gtzan_reggae_00031,datasets/processed/gtzan_reggae_reggae.00031.wav,Reggae,Reggae,Global / Western,gtzan_proxy_reggae_007,GTZAN,reggae/reggae.00031.wav,ca50d0f0576f58e8388f1b4bd906a2c78487cc495ef03871d4bffaf0647412f1,30.01,GTZAN Genre Collection,2002,train,CC-BY-NC-ND / Marsyas Academic Research,GTZAN
gtzan_reggae_00032,datasets/processed/gtzan_reggae_reggae.00032.wav,Reggae,Reggae,Global / Western,gtzan_proxy_reggae_008,GTZAN,reggae/reggae.00032.wav,3d12e6f9516bac7d35129754b62d0c5d30fbeaf4fbf1090dbfe0202cafde6041,30.01,GTZAN Genre Collection,2002,train,CC-BY-NC-ND / Marsyas Academic Research,GTZAN
gtzan_reggae_00042,datasets/processed/gtzan_reggae_reggae.00042.wav,Reggae,Reggae,Global / Western,gtzan_proxy_reggae_010,GTZAN,reggae/reggae.00042.wav,26751e5b77dc21048bd64061269ce06a2a10a05f9e571390e63bc947020a820c,30.0,GTZAN Genre Collection,2002,train,CC-BY-NC-ND / Marsyas Academic Research,GTZAN
gtzan_reggae_00043,datasets/processed/gtzan_reggae_reggae.00043.wav,Reggae,Reggae,Global / Western,gtzan_proxy_reggae_010,GTZAN,reggae/reggae.00043.wav,d2f46b35a6d2b51defd3caaeed77b08a8b92e278087661c44e013e2e5382a8e5,30.0,GTZAN Genre Collection,2002,train,CC-BY-NC-ND / Marsyas Academic Research,GTZAN
gtzan_reggae_00044,datasets/processed/gtzan_reggae_reggae.00044.wav,Reggae,Reggae,Global / Western,gtzan_proxy_reggae_011,GTZAN,reggae/reggae.00044.wav,74381c95731439fe8bc0d0f65d3c1a086d0928f502dead59f067dc90dc009333,30.0,GTZAN Genre Collection,2002,train,CC-BY-NC-ND / Marsyas Academic Research,GTZAN
gtzan_reggae_00045,datasets/processed/gtzan_reggae_reggae.00045.wav,Reggae,Reggae,Global / Western,gtzan_proxy_reggae_011,GTZAN,reggae/reggae.00045.wav,c3ebe436aafa1ccc120062cf1f4f643a46350869034803bba7a3a48b1a9f5734,30.0,GTZAN Genre Collection,2002,train,CC-BY-NC-ND / Marsyas Academic Research,GTZAN
gtzan_reggae_00049,datasets/processed/gtzan_reggae_reggae.00049.wav,Reggae,Reggae,Global / Western,gtzan_proxy_reggae_012,GTZAN,reggae/reggae.00049.wav,1a4e3ffa742da6e3d89b9603ac388fa9ee2880bdfe2b8f3c85dfa778b58906b5,30.0,GTZAN Genre Collection,2002,train,CC-BY-NC-ND / Marsyas Academic Research,GTZAN
gtzan_reggae_00050,datasets/processed/gtzan_reggae_reggae.00050.wav,Reggae,Reggae,Global / Western,gtzan_proxy_reggae_012,GTZAN,reggae/reggae.00050.wav,6eab9d7c31f6deb82f805d5919347e1f17afd2d7578f6a49f94adba91c3179e0,30.0,GTZAN Genre Collection,2002,train,CC-BY-NC-ND / Marsyas Academic Research,GTZAN
gtzan_reggae_00051,datasets/processed/gtzan_reggae_reggae.00051.wav,Reggae,Reggae,Global / Western,gtzan_proxy_reggae_012,GTZAN,reggae/reggae.00051.wav,0ab9ab00c27c091b8fea0738d73f9f0620317265d08c49febe90de94c0988074,30.0,GTZAN Genre Collection,2002,train,CC-BY-NC-ND / Marsyas Academic Research,GTZAN
gtzan_reggae_00054,datasets/processed/gtzan_reggae_reggae.00054.wav,Reggae,Reggae,Global / Western,gtzan_proxy_reggae_013,GTZAN,reggae/reggae.00054.wav,2a65d98442206d1a4e674e477e930147f82872bd71e5d6e6b79b90fa41bf1bb2,30.0,GTZAN Genre Collection,2002,train,CC-BY-NC-ND / Marsyas Academic Research,GTZAN
gtzan_reggae_00055,datasets/processed/gtzan_reggae_reggae.00055.wav,Reggae,Reggae,Global / Western,gtzan_proxy_reggae_013,GTZAN,reggae/reggae.00055.wav,f56196c6d140ace812b540f5af8cb9979e3d03a1cd55b026fe7d139b892c8a75,30.0,GTZAN Genre Collection,2002,train,CC-BY-NC-ND / Marsyas Academic Research,GTZAN
gtzan_reggae_00056,datasets/processed/gtzan_reggae_reggae.00056.wav,Reggae,Reggae,Global / Western,gtzan_proxy_reggae_014,GTZAN,reggae/reggae.00056.wav,f1df998eac4c3088287db729da673bbc720c728d5c5ac6ba48782e4bb6d5027c,30.0,GTZAN Genre Collection,2002,train,CC-BY-NC-ND / Marsyas Academic Research,GTZAN
gtzan_reggae_00057,datasets/processed/gtzan_reggae_reggae.00057.wav,Reggae,Reggae,Global / Western,gtzan_proxy_reggae_014,GTZAN,reggae/reggae.00057.wav,4086dee53881b8884dbefcb661f04e7335ce753625724270fdba42b2939a8a13,30.0,GTZAN Genre Collection,2002,train,CC-BY-NC-ND / Marsyas Academic Research,GTZAN
gtzan_reggae_00058,datasets/processed/gtzan_reggae_reggae.00058.wav,Reggae,Reggae,Global / Western,gtzan_proxy_reggae_014,GTZAN,reggae/reggae.00058.wav,8c01112916834284f01d2921b7db375c9bd63c9122072538edb01430dae07a4d,30.0,GTZAN Genre Collection,2002,train,CC-BY-NC-ND / Marsyas Academic Research,GTZAN
gtzan_reggae_00059,datasets/processed/gtzan_reggae_reggae.00059.wav,Reggae,Reggae,Global / Western,gtzan_proxy_reggae_014,GTZAN,reggae/reggae.00059.wav,a8e3322c6b2c8e184a0e094306854fcb03194668f4521c59acb22f6c5f64e461,30.0,GTZAN Genre Collection,2002,train,CC-BY-NC-ND / Marsyas Academic Research,GTZAN
gtzan_reggae_00060,datasets/processed/gtzan_reggae_reggae.00060.wav,Reggae,Reggae,Global / Western,gtzan_proxy_reggae_015,GTZAN,reggae/reggae.00060.wav,9089b19a13999dd3f5c44aa881d0738a42d1a3c9302ea5c68cdc1ec9fa143643,30.0,GTZAN Genre Collection,2002,train,CC-BY-NC-ND / Marsyas Academic Research,GTZAN
gtzan_reggae_00063,datasets/processed/gtzan_reggae_reggae.00063.wav,Reggae,Reggae,Global / Western,gtzan_proxy_reggae_015,GTZAN,reggae/reggae.00063.wav,4a4f99ef1ab3dc9a09932feac000159877755b30baed8fdb8eb26ea9c129c309,30.0,GTZAN Genre Collection,2002,train,CC-BY-NC-ND / Marsyas Academic Research,GTZAN
gtzan_reggae_00069,datasets/processed/gtzan_reggae_reggae.00069.wav,Reggae,Reggae,Global / Western,gtzan_proxy_reggae_017,GTZAN,reggae/reggae.00069.wav,f1663e57f712a0b00a57f0c7710390075f5084ef336dc6f120d51a002b481242,30.0,GTZAN Genre Collection,2002,train,CC-BY-NC-ND / Marsyas Academic Research,GTZAN
gtzan_rock_00000,datasets/processed/gtzan_rock_rock.00000.wav,Rock,Rock,Global / Western,gtzan_proxy_rock_000,GTZAN,rock/rock.00000.wav,1f70fc77150b49b9756db2a9b9d77d2c84a2d47658a89fa9d3fab71e1a878f7d,30.01,GTZAN Genre Collection,2002,train,CC-BY-NC-ND / Marsyas Academic Research,GTZAN
gtzan_rock_00001,datasets/processed/gtzan_rock_rock.00001.wav,Rock,Rock,Global / Western,gtzan_proxy_rock_000,GTZAN,rock/rock.00001.wav,cf0f3f5c673226cb12354d5fb594697ca9de4574f3ebd64815385a72d46cfeb6,30.01,GTZAN Genre Collection,2002,train,CC-BY-NC-ND / Marsyas Academic Research,GTZAN
gtzan_rock_00002,datasets/processed/gtzan_rock_rock.00002.wav,Rock,Rock,Global / Western,gtzan_proxy_rock_000,GTZAN,rock/rock.00002.wav,eb1f51b1d7be3e3cd0f52e8532a86ea4e34f184411297d26510deac895ded0d4,30.01,GTZAN Genre Collection,2002,train,CC-BY-NC-ND / Marsyas Academic Research,GTZAN
gtzan_rock_00003,datasets/processed/gtzan_rock_rock.00003.wav,Rock,Rock,Global / Western,gtzan_proxy_rock_000,GTZAN,rock/rock.00003.wav,5887dbd583a59f5545ef3b17c21d41a5b4ee00be32af888913150debf47dd7d4,30.01,GTZAN Genre Collection,2002,train,CC-BY-NC-ND / Marsyas Academic Research,GTZAN
gtzan_rock_00004,datasets/processed/gtzan_rock_rock.00004.wav,Rock,Rock,Global / Western,gtzan_proxy_rock_001,GTZAN,rock/rock.00004.wav,7d9a4dcdce3181cafe8eef5983d0189bb0e41820391372e3b7adb78f84c5c686,30.01,GTZAN Genre Collection,2002,train,CC-BY-NC-ND / Marsyas Academic Research,GTZAN
gtzan_rock_00005,datasets/processed/gtzan_rock_rock.00005.wav,Rock,Rock,Global / Western,gtzan_proxy_rock_001,GTZAN,rock/rock.00005.wav,06a51b23ff67a14c21ec8a05ba5d006bd2a3a4ba8da926ad7df0b1708e51312a,30.01,GTZAN Genre Collection,2002,train,CC-BY-NC-ND / Marsyas Academic Research,GTZAN
gtzan_rock_00006,datasets/processed/gtzan_rock_rock.00006.wav,Rock,Rock,Global / Western,gtzan_proxy_rock_001,GTZAN,rock/rock.00006.wav,12792092958a320fe86d4d5f177262b41d9abe9fbf42af89099313defc5aa779,30.01,GTZAN Genre Collection,2002,train,CC-BY-NC-ND / Marsyas Academic Research,GTZAN
gtzan_rock_00007,datasets/processed/gtzan_rock_rock.00007.wav,Rock,Rock,Global / Western,gtzan_proxy_rock_001,GTZAN,rock/rock.00007.wav,4894363525fdbba4463f9588878976ee5283817f1e7a8f4ad914593ce7e3fa3d,30.01,GTZAN Genre Collection,2002,train,CC-BY-NC-ND / Marsyas Academic Research,GTZAN
gtzan_rock_00008,datasets/processed/gtzan_rock_rock.00008.wav,Rock,Rock,Global / Western,gtzan_proxy_rock_002,GTZAN,rock/rock.00008.wav,c18276c9b80bdcdfc5fae1fafa1cb52fd13afb225dbbb0aea89b08772f8763e4,30.01,GTZAN Genre Collection,2002,train,CC-BY-NC-ND / Marsyas Academic Research,GTZAN
gtzan_rock_00009,datasets/processed/gtzan_rock_rock.00009.wav,Rock,Rock,Global / Western,gtzan_proxy_rock_002,GTZAN,rock/rock.00009.wav,a1ec4e5f17cc70ea2dfbd8e0cc855f30b6073793c5c40f191c66590bec1bc64a,30.01,GTZAN Genre Collection,2002,train,CC-BY-NC-ND / Marsyas Academic Research,GTZAN
gtzan_rock_00016,datasets/processed/gtzan_rock_rock.00016.wav,Rock,Rock,Global / Western,gtzan_proxy_rock_004,GTZAN,rock/rock.00016.wav,360ea5411802133c7962ef62b9e75dd602f2c6efcaaac0166ae1cd58b0997a2e,30.01,GTZAN Genre Collection,2002,train,CC-BY-NC-ND / Marsyas Academic Research,GTZAN
gtzan_rock_00017,datasets/processed/gtzan_rock_rock.00017.wav,Rock,Rock,Global / Western,gtzan_proxy_rock_004,GTZAN,rock/rock.00017.wav,e48deaccda24477e4905a815f571a4bad77a5a87e67d84be6e9fc9d848cc9416,30.01,GTZAN Genre Collection,2002,train,CC-BY-NC-ND / Marsyas Academic Research,GTZAN
gtzan_rock_00018,datasets/processed/gtzan_rock_rock.00018.wav,Rock,Rock,Global / Western,gtzan_proxy_rock_004,GTZAN,rock/rock.00018.wav,e75e522312367668e65a3becdf681c885a2e62ac0b17e39cb67ad02851c5ee10,30.01,GTZAN Genre Collection,2002,train,CC-BY-NC-ND / Marsyas Academic Research,GTZAN
gtzan_rock_00019,datasets/processed/gtzan_rock_rock.00019.wav,Rock,Rock,Global / Western,gtzan_proxy_rock_004,GTZAN,rock/rock.00019.wav,8d6f0dab966e1afe936c43e16dcd915b29ebf5aec588efb9d0d3b909760710f8,30.01,GTZAN Genre Collection,2002,train,CC-BY-NC-ND / Marsyas Academic Research,GTZAN
gtzan_rock_00020,datasets/processed/gtzan_rock_rock.00020.wav,Rock,Rock,Global / Western,gtzan_proxy_rock_005,GTZAN,rock/rock.00020.wav,9862746c114e9b08cf82cedf2debacd01228eee872230713f425c7b0774d3d0d,30.01,GTZAN Genre Collection,2002,train,CC-BY-NC-ND / Marsyas Academic Research,GTZAN
gtzan_rock_00021,datasets/processed/gtzan_rock_rock.00021.wav,Rock,Rock,Global / Western,gtzan_proxy_rock_005,GTZAN,rock/rock.00021.wav,a98fde16410f98ea43e77fae1b33a8814bac7af802385bb6fc43aaf098ca7319,30.01,GTZAN Genre Collection,2002,train,CC-BY-NC-ND / Marsyas Academic Research,GTZAN
gtzan_rock_00022,datasets/processed/gtzan_rock_rock.00022.wav,Rock,Rock,Global / Western,gtzan_proxy_rock_005,GTZAN,rock/rock.00022.wav,3633a7eb90f3ecfc2bfebc9923d3b5d87129ee89f041c253e20c917fb4369efe,30.01,GTZAN Genre Collection,2002,train,CC-BY-NC-ND / Marsyas Academic Research,GTZAN
gtzan_rock_00023,datasets/processed/gtzan_rock_rock.00023.wav,Rock,Rock,Global / Western,gtzan_proxy_rock_005,GTZAN,rock/rock.00023.wav,eb89fe308bfaf1a28843656b6822db2cc7e0fe82c38c333614fcb8ca8b51efa7,30.01,GTZAN Genre Collection,2002,train,CC-BY-NC-ND / Marsyas Academic Research,GTZAN
gtzan_rock_00024,datasets/processed/gtzan_rock_rock.00024.wav,Rock,Rock,Global / Western,gtzan_proxy_rock_006,GTZAN,rock/rock.00024.wav,072dc76ee1476091051b5a8d82795a51e44dc9be32101e3f7448b69f492724b5,30.01,GTZAN Genre Collection,2002,train,CC-BY-NC-ND / Marsyas Academic Research,GTZAN
gtzan_rock_00025,datasets/processed/gtzan_rock_rock.00025.wav,Rock,Rock,Global / Western,gtzan_proxy_rock_006,GTZAN,rock/rock.00025.wav,b260960e3aef5387e38d8b244dea73ba0cd8a550a1f16325640845a647726fba,30.01,GTZAN Genre Collection,2002,train,CC-BY-NC-ND / Marsyas Academic Research,GTZAN
gtzan_rock_00026,datasets/processed/gtzan_rock_rock.00026.wav,Rock,Rock,Global / Western,gtzan_proxy_rock_006,GTZAN,rock/rock.00026.wav,0f8ac77c17975e9b6ce4ce3fbd8392f1f7b0bc6c9330f792ea5c2be314848600,30.01,GTZAN Genre Collection,2002,train,CC-BY-NC-ND / Marsyas Academic Research,GTZAN
gtzan_rock_00057,datasets/processed/gtzan_rock_rock.00057.wav,Rock,Rock,Global / Western,gtzan_proxy_rock_014,GTZAN,rock/rock.00057.wav,521e3dd53b4d51c0e07c5bdc914486c02f6d9ccdf09503439660e9ece9607600,30.01,GTZAN Genre Collection,2002,train,CC-BY-NC-ND / Marsyas Academic Research,GTZAN
gtzan_rock_00058,datasets/processed/gtzan_rock_rock.00058.wav,Rock,Rock,Global / Western,gtzan_proxy_rock_014,GTZAN,rock/rock.00058.wav,981686a17d415b6207c017d8aaa5aaafd2b1194e3febf4ec75e7d013a657c73f,30.01,GTZAN Genre Collection,2002,train,CC-BY-NC-ND / Marsyas Academic Research,GTZAN
gtzan_rock_00059,datasets/processed/gtzan_rock_rock.00059.wav,Rock,Rock,Global / Western,gtzan_proxy_rock_014,GTZAN,rock/rock.00059.wav,538dfef883b70c37e21ea3e5b6d42f901bdebe69c68094bac3fae8b6f2dc7dda,30.01,GTZAN Genre Collection,2002,train,CC-BY-NC-ND / Marsyas Academic Research,GTZAN
gtzan_rock_00060,datasets/processed/gtzan_rock_rock.00060.wav,Rock,Rock,Global / Western,gtzan_proxy_rock_015,GTZAN,rock/rock.00060.wav,1b27a6e681a666ef8c52639e5109535554e90a3f11b7f851de67590f5d70f3af,30.01,GTZAN Genre Collection,2002,train,CC-BY-NC-ND / Marsyas Academic Research,GTZAN
gtzan_rock_00061,datasets/processed/gtzan_rock_rock.00061.wav,Rock,Rock,Global / Western,gtzan_proxy_rock_015,GTZAN,rock/rock.00061.wav,383ccaaa800cefe852ad2f72635b310d90b81e372b0a422884852e7ab3513f52,30.01,GTZAN Genre Collection,2002,train,CC-BY-NC-ND / Marsyas Academic Research,GTZAN
gtzan_rock_00062,datasets/processed/gtzan_rock_rock.00062.wav,Rock,Rock,Global / Western,gtzan_proxy_rock_015,GTZAN,rock/rock.00062.wav,15870f8b000815fde4c0235c9b47e725ff6cf3a969b97bbae0bf5a974db614dd,30.01,GTZAN Genre Collection,2002,train,CC-BY-NC-ND / Marsyas Academic Research,GTZAN
gtzan_rock_00063,datasets/processed/gtzan_rock_rock.00063.wav,Rock,Rock,Global / Western,gtzan_proxy_rock_015,GTZAN,rock/rock.00063.wav,65ef4a67da79633c9d67cd606b9b1984f8016df459c0779bbfa119a9d30dd28d,30.01,GTZAN Genre Collection,2002,train,CC-BY-NC-ND / Marsyas Academic Research,GTZAN
gtzan_rock_00064,datasets/processed/gtzan_rock_rock.00064.wav,Rock,Rock,Global / Western,gtzan_proxy_rock_016,GTZAN,rock/rock.00064.wav,22fa46c5831caeb8c9e0fe2ef79441bc218ec2cf5ef8aacba6251fe3d38d712b,30.01,GTZAN Genre Collection,2002,train,CC-BY-NC-ND / Marsyas Academic Research,GTZAN
gtzan_rock_00065,datasets/processed/gtzan_rock_rock.00065.wav,Rock,Rock,Global / Western,gtzan_proxy_rock_016,GTZAN,rock/rock.00065.wav,ff1356acb66102eba66a4c1074749db9907e6494daaa4e269bc67b726cca353a,30.01,GTZAN Genre Collection,2002,train,CC-BY-NC-ND / Marsyas Academic Research,GTZAN
gtzan_rock_00066,datasets/processed/gtzan_rock_rock.00066.wav,Rock,Rock,Global / Western,gtzan_proxy_rock_016,GTZAN,rock/rock.00066.wav,e7df820fce2ac7bd28344ff81c2cfaac01ccd502d91bb320b4a97b78073ae63c,30.01,GTZAN Genre Collection,2002,train,CC-BY-NC-ND / Marsyas Academic Research,GTZAN
gtzan_rock_00067,datasets/processed/gtzan_rock_rock.00067.wav,Rock,Rock,Global / Western,gtzan_proxy_rock_016,GTZAN,rock/rock.00067.wav,9579bba5c01acc87009bf5af4aeb0b3876485dbc295348cd937e89c71d6a81fe,30.01,GTZAN Genre Collection,2002,train,CC-BY-NC-ND / Marsyas Academic Research,GTZAN
gtzan_rock_00068,datasets/processed/gtzan_rock_rock.00068.wav,Rock,Rock,Global / Western,gtzan_proxy_rock_017,GTZAN,rock/rock.00068.wav,c68ccedc550de327ecb42b3e72b4ab51474ea6bd864e96f58d82a2aaa15571d5,30.01,GTZAN Genre Collection,2002,train,CC-BY-NC-ND / Marsyas Academic Research,GTZAN
gtzan_rock_00069,datasets/processed/gtzan_rock_rock.00069.wav,Rock,Rock,Global / Western,gtzan_proxy_rock_017,GTZAN,rock/rock.00069.wav,32d2c3e12b03ce90c1d3b6eb268885a01769f171184c5e68b2cdd8d7c4674ddc,30.01,GTZAN Genre Collection,2002,train,CC-BY-NC-ND / Marsyas Academic Research,GTZAN
gtzan_rock_00070,datasets/processed/gtzan_rock_rock.00070.wav,Rock,Rock,Global / Western,gtzan_proxy_rock_017,GTZAN,rock/rock.00070.wav,ff752f4643d2eb21b368867e099d7a4207f54afb686b583fe73bc51e5aed0d13,30.01,GTZAN Genre Collection,2002,train,CC-BY-NC-ND / Marsyas Academic Research,GTZAN
gtzan_rock_00091,datasets/processed/gtzan_rock_rock.00091.wav,Rock,Rock,Global / Western,gtzan_proxy_rock_022,GTZAN,rock/rock.00091.wav,bf485aab0ed59e4849890da7f59e4cd1c4b9925fea07713cd5fa633cc72e3b0d,30.01,GTZAN Genre Collection,2002,train,CC-BY-NC-ND / Marsyas Academic Research,GTZAN
gtzan_rock_00092,datasets/processed/gtzan_rock_rock.00092.wav,Rock,Rock,Global / Western,gtzan_proxy_rock_023,GTZAN,rock/rock.00092.wav,763467c6bb6cb4198a098c20f23a568850a3909f035a0e7b71fc86d382aac8a1,30.01,GTZAN Genre Collection,2002,train,CC-BY-NC-ND / Marsyas Academic Research,GTZAN
gtzan_rock_00093,datasets/processed/gtzan_rock_rock.00093.wav,Rock,Rock,Global / Western,gtzan_proxy_rock_023,GTZAN,rock/rock.00093.wav,6a99b9e3d105c23e2f38a120a83e458a585cda698c9ce2f463e6250d819c9bb6,30.01,GTZAN Genre Collection,2002,train,CC-BY-NC-ND / Marsyas Academic Research,GTZAN
gtzan_rock_00094,datasets/processed/gtzan_rock_rock.00094.wav,Rock,Rock,Global / Western,gtzan_proxy_rock_023,GTZAN,rock/rock.00094.wav,ce2ce18a8bac8bfc51f9cf62f4dd4453f78f94d7bdf27c63e47fcf29e20d2036,30.01,GTZAN Genre Collection,2002,train,CC-BY-NC-ND / Marsyas Academic Research,GTZAN
gtzan_rock_00095,datasets/processed/gtzan_rock_rock.00095.wav,Rock,Rock,Global / Western,gtzan_proxy_rock_023,GTZAN,rock/rock.00095.wav,52cb5d2253dc36cf9b510aadbb568dd8c5e6250ab4c87a57816d7c84cef0ae5b,30.01,GTZAN Genre Collection,2002,train,CC-BY-NC-ND / Marsyas Academic Research,GTZAN
gtzan_rock_00096,datasets/processed/gtzan_rock_rock.00096.wav,Rock,Rock,Global / Western,gtzan_proxy_rock_024,GTZAN,rock/rock.00096.wav,043f449de6fe08217f09872c8f077a18e64dac0f220b36b42105a9cc3517481b,30.01,GTZAN Genre Collection,2002,train,CC-BY-NC-ND / Marsyas Academic Research,GTZAN
gtzan_rock_00097,datasets/processed/gtzan_rock_rock.00097.wav,Rock,Rock,Global / Western,gtzan_proxy_rock_024,GTZAN,rock/rock.00097.wav,b6cb5e1d15d8068c339796238191d6e2879dc43c96e2d9e682a35ea1472950b6,30.01,GTZAN Genre Collection,2002,train,CC-BY-NC-ND / Marsyas Academic Research,GTZAN
gtzan_rock_00098,datasets/processed/gtzan_rock_rock.00098.wav,Rock,Rock,Global / Western,gtzan_proxy_rock_024,GTZAN,rock/rock.00098.wav,c6b0be9f493ba276cb6709854b31280880eb330082a7de9096838c63a5e1cd83,30.01,GTZAN Genre Collection,2002,train,CC-BY-NC-ND / Marsyas Academic Research,GTZAN
gtzan_rock_00099,datasets/processed/gtzan_rock_rock.00099.wav,Rock,Rock,Global / Western,gtzan_proxy_rock_024,GTZAN,rock/rock.00099.wav,b9ad78b1ccb5cbcdb07b5b450fcd576922feb49a52f1dcdd2de7c4d60842e464,30.01,GTZAN Genre Collection,2002,train,CC-BY-NC-ND / Marsyas Academic Research,GTZAN
gtzan_blues_00000,datasets/processed/gtzan_blues_blues.00000.wav,Blues,Blues,Global / Western,gtzan_proxy_blues_000,GTZAN,blues/blues.00000.wav,fffc9c2e72df9844c7f26048c4774e7b3427423fc1a5fbddb4aba2362b45bbb7,30.01,GTZAN Genre Collection,2002,val,CC-BY-NC-ND / Marsyas Academic Research,GTZAN
gtzan_blues_00001,datasets/processed/gtzan_blues_blues.00001.wav,Blues,Blues,Global / Western,gtzan_proxy_blues_000,GTZAN,blues/blues.00001.wav,ce96e914e2478915fbbffe7eab5511dface3665d710aec3276a5ea33dec3d54e,30.01,GTZAN Genre Collection,2002,val,CC-BY-NC-ND / Marsyas Academic Research,GTZAN
gtzan_blues_00002,datasets/processed/gtzan_blues_blues.00002.wav,Blues,Blues,Global / Western,gtzan_proxy_blues_000,GTZAN,blues/blues.00002.wav,2c7e3d6fb1deebf52aa62cd9a84ebe4c63d25734d0a2ec187ddead70f86fd96d,30.01,GTZAN Genre Collection,2002,val,CC-BY-NC-ND / Marsyas Academic Research,GTZAN
gtzan_blues_00003,datasets/processed/gtzan_blues_blues.00003.wav,Blues,Blues,Global / Western,gtzan_proxy_blues_000,GTZAN,blues/blues.00003.wav,dd190aee191ac888d94b130e50c47e9ea6a229bffb32504d05579fbcc251ee19,30.01,GTZAN Genre Collection,2002,val,CC-BY-NC-ND / Marsyas Academic Research,GTZAN
gtzan_blues_00004,datasets/processed/gtzan_blues_blues.00004.wav,Blues,Blues,Global / Western,gtzan_proxy_blues_001,GTZAN,blues/blues.00004.wav,0e7952b449fcdad7ca6f10dcfb97741afd14276a5aa9cfde4fcdfeb2ee6c14b5,30.01,GTZAN Genre Collection,2002,val,CC-BY-NC-ND / Marsyas Academic Research,GTZAN
gtzan_blues_00005,datasets/processed/gtzan_blues_blues.00005.wav,Blues,Blues,Global / Western,gtzan_proxy_blues_001,GTZAN,blues/blues.00005.wav,69a93a122b7bf9986fb8183d791c0db6341a6daf73d732917ee3e888165fd414,30.01,GTZAN Genre Collection,2002,val,CC-BY-NC-ND / Marsyas Academic Research,GTZAN
gtzan_blues_00006,datasets/processed/gtzan_blues_blues.00006.wav,Blues,Blues,Global / Western,gtzan_proxy_blues_001,GTZAN,blues/blues.00006.wav,31819cc76ebd20c9d7fee5f05caf55718dedfc56b851bdcd8f30e095661cad89,30.01,GTZAN Genre Collection,2002,val,CC-BY-NC-ND / Marsyas Academic Research,GTZAN
gtzan_blues_00007,datasets/processed/gtzan_blues_blues.00007.wav,Blues,Blues,Global / Western,gtzan_proxy_blues_001,GTZAN,blues/blues.00007.wav,d2b4cd072c295b2c6dfcb149a07467bbbe2b39b3e2419fad0ac252ce66f48f8a,30.01,GTZAN Genre Collection,2002,val,CC-BY-NC-ND / Marsyas Academic Research,GTZAN
gtzan_blues_00008,datasets/processed/gtzan_blues_blues.00008.wav,Blues,Blues,Global / Western,gtzan_proxy_blues_002,GTZAN,blues/blues.00008.wav,8e1a6d05b5f02c7d9dbc7b993af34e65226a9683b73fa5bf5ff34cfbdba118a7,30.01,GTZAN Genre Collection,2002,val,CC-BY-NC-ND / Marsyas Academic Research,GTZAN
gtzan_blues_00009,datasets/processed/gtzan_blues_blues.00009.wav,Blues,Blues,Global / Western,gtzan_proxy_blues_002,GTZAN,blues/blues.00009.wav,33a3b0deb442306e7151ff2fef5d77773a78be5e31dd10ebc95cf79e3f72d60a,30.01,GTZAN Genre Collection,2002,val,CC-BY-NC-ND / Marsyas Academic Research,GTZAN
gtzan_blues_00010,datasets/processed/gtzan_blues_blues.00010.wav,Blues,Blues,Global / Western,gtzan_proxy_blues_002,GTZAN,blues/blues.00010.wav,6607329bfa02342ce8445f13547a5f5303d370b442e1e23bf5176af26b74f8fc,30.01,GTZAN Genre Collection,2002,val,CC-BY-NC-ND / Marsyas Academic Research,GTZAN
gtzan_blues_00011,datasets/processed/gtzan_blues_blues.00011.wav,Blues,Blues,Global / Western,gtzan_proxy_blues_002,GTZAN,blues/blues.00011.wav,490d82c14e7d579fc32f67b0993589e2c81aea69d8638f26466c63b7b0aeb544,30.01,GTZAN Genre Collection,2002,val,CC-BY-NC-ND / Marsyas Academic Research,GTZAN
gtzan_blues_00050,datasets/processed/gtzan_blues_blues.00050.wav,Blues,Blues,Global / Western,gtzan_proxy_blues_012,GTZAN,blues/blues.00050.wav,3311053acbaf14207f9073f2127bce283a8a33b0ff4ffed4885064f3eaa57539,30.01,GTZAN Genre Collection,2002,val,CC-BY-NC-ND / Marsyas Academic Research,GTZAN
gtzan_blues_00051,datasets/processed/gtzan_blues_blues.00051.wav,Blues,Blues,Global / Western,gtzan_proxy_blues_012,GTZAN,blues/blues.00051.wav,3210283cb4f8a95712607978ca41f1b3961adf340e69d2bd954aebb1e9cabffe,30.01,GTZAN Genre Collection,2002,val,CC-BY-NC-ND / Marsyas Academic Research,GTZAN
gtzan_blues_00052,datasets/processed/gtzan_blues_blues.00052.wav,Blues,Blues,Global / Western,gtzan_proxy_blues_013,GTZAN,blues/blues.00052.wav,c59c0672b58ec39984e682b5ddb4a2f2bdaa0073e21f33cd49a3a32958a70b02,30.01,GTZAN Genre Collection,2002,val,CC-BY-NC-ND / Marsyas Academic Research,GTZAN
gtzan_blues_00053,datasets/processed/gtzan_blues_blues.00053.wav,Blues,Blues,Global / Western,gtzan_proxy_blues_013,GTZAN,blues/blues.00053.wav,92075b1302b85c7d5cc3a2a0d24a5671ccc5534913be56307f89702057b8a9aa,30.01,GTZAN Genre Collection,2002,val,CC-BY-NC-ND / Marsyas Academic Research,GTZAN
gtzan_blues_00054,datasets/processed/gtzan_blues_blues.00054.wav,Blues,Blues,Global / Western,gtzan_proxy_blues_013,GTZAN,blues/blues.00054.wav,2b3b2679e33dc138556a8123a1bd4fac1f1328ca64a1d241f3ec0ff0b8b91fa1,30.01,GTZAN Genre Collection,2002,val,CC-BY-NC-ND / Marsyas Academic Research,GTZAN
gtzan_blues_00055,datasets/processed/gtzan_blues_blues.00055.wav,Blues,Blues,Global / Western,gtzan_proxy_blues_013,GTZAN,blues/blues.00055.wav,4393a11f1946de1e569a15b98ed0bd067140ecdb72903dad09bce7fdb931afc6,30.01,GTZAN Genre Collection,2002,val,CC-BY-NC-ND / Marsyas Academic Research,GTZAN
gtzan_blues_00056,datasets/processed/gtzan_blues_blues.00056.wav,Blues,Blues,Global / Western,gtzan_proxy_blues_014,GTZAN,blues/blues.00056.wav,7cf3e302753f6d8dbbc46b57e8ebec8fa720422334ca82e0631fd38f92d34163,30.01,GTZAN Genre Collection,2002,val,CC-BY-NC-ND / Marsyas Academic Research,GTZAN
gtzan_blues_00057,datasets/processed/gtzan_blues_blues.00057.wav,Blues,Blues,Global / Western,gtzan_proxy_blues_014,GTZAN,blues/blues.00057.wav,29eca78df0e505f25c3bd5d09b6811f2c5edc6ab0be28410462f5c43a2ccb30c,30.01,GTZAN Genre Collection,2002,val,CC-BY-NC-ND / Marsyas Academic Research,GTZAN
gtzan_blues_00058,datasets/processed/gtzan_blues_blues.00058.wav,Blues,Blues,Global / Western,gtzan_proxy_blues_014,GTZAN,blues/blues.00058.wav,9840d4806ca75abb96abd17ba05b89160c22f074a0df6d79f1f5f0b84fe771d0,30.01,GTZAN Genre Collection,2002,val,CC-BY-NC-ND / Marsyas Academic Research,GTZAN
gtzan_blues_00059,datasets/processed/gtzan_blues_blues.00059.wav,Blues,Blues,Global / Western,gtzan_proxy_blues_014,GTZAN,blues/blues.00059.wav,b140bacef58ba24061974cd086268ba5e837bbc431832607260d7df9cd671bfa,30.01,GTZAN Genre Collection,2002,val,CC-BY-NC-ND / Marsyas Academic Research,GTZAN
gtzan_blues_00060,datasets/processed/gtzan_blues_blues.00060.wav,Blues,Blues,Global / Western,gtzan_proxy_blues_015,GTZAN,blues/blues.00060.wav,5101de78e0a8818ae77d48e94b80fa62da0df36e0108487207d6c72d3e7936cf,30.01,GTZAN Genre Collection,2002,val,CC-BY-NC-ND / Marsyas Academic Research,GTZAN
gtzan_classical_00000,datasets/processed/gtzan_classical_classical.00000.wav,Classical,Classical,Global / Western,gtzan_proxy_classical_000,GTZAN,classical/classical.00000.wav,60373f3c55107792671e4acbf86fb267d432cd012fd1128e9b70ab8904d7a81a,30.01,GTZAN Genre Collection,2002,val,CC-BY-NC-ND / Marsyas Academic Research,GTZAN
gtzan_classical_00001,datasets/processed/gtzan_classical_classical.00001.wav,Classical,Classical,Global / Western,gtzan_proxy_classical_000,GTZAN,classical/classical.00001.wav,6dd08788ef456e298f1220b8c1b3e2aa1b6c6a41befb1d408014890467dc836f,30.01,GTZAN Genre Collection,2002,val,CC-BY-NC-ND / Marsyas Academic Research,GTZAN
gtzan_classical_00002,datasets/processed/gtzan_classical_classical.00002.wav,Classical,Classical,Global / Western,gtzan_proxy_classical_000,GTZAN,classical/classical.00002.wav,d82676faa74872873ffad4507e7f642b0b3e1c733bf46bd9fd35fd1430441b99,30.01,GTZAN Genre Collection,2002,val,CC-BY-NC-ND / Marsyas Academic Research,GTZAN
gtzan_classical_00003,datasets/processed/gtzan_classical_classical.00003.wav,Classical,Classical,Global / Western,gtzan_proxy_classical_000,GTZAN,classical/classical.00003.wav,a28f6a80b8c9e58d1cbea4a97fdf804d1c94b9cee2f5d68776d49051c5ea37f2,30.01,GTZAN Genre Collection,2002,val,CC-BY-NC-ND / Marsyas Academic Research,GTZAN
gtzan_classical_00004,datasets/processed/gtzan_classical_classical.00004.wav,Classical,Classical,Global / Western,gtzan_proxy_classical_001,GTZAN,classical/classical.00004.wav,1c38353bed5d3f40a12d180b228f57c001b0beeabb32a1468f86389819356251,30.01,GTZAN Genre Collection,2002,val,CC-BY-NC-ND / Marsyas Academic Research,GTZAN
gtzan_classical_00005,datasets/processed/gtzan_classical_classical.00005.wav,Classical,Classical,Global / Western,gtzan_proxy_classical_001,GTZAN,classical/classical.00005.wav,6e4776394ec66904727196864c5d9e3f818bc777733c9435997a1197b846c597,30.01,GTZAN Genre Collection,2002,val,CC-BY-NC-ND / Marsyas Academic Research,GTZAN
gtzan_classical_00006,datasets/processed/gtzan_classical_classical.00006.wav,Classical,Classical,Global / Western,gtzan_proxy_classical_001,GTZAN,classical/classical.00006.wav,266cee40c775218e8fcff53ea4ccdc8e179d8b2b79a265b57516221e0ec8b334,30.01,GTZAN Genre Collection,2002,val,CC-BY-NC-ND / Marsyas Academic Research,GTZAN
gtzan_classical_00007,datasets/processed/gtzan_classical_classical.00007.wav,Classical,Classical,Global / Western,gtzan_proxy_classical_001,GTZAN,classical/classical.00007.wav,973fce55eebd8803895f5a29f1d16a0e9a72d7b324f59247f961bbccc9a91c1f,30.01,GTZAN Genre Collection,2002,val,CC-BY-NC-ND / Marsyas Academic Research,GTZAN
gtzan_classical_00008,datasets/processed/gtzan_classical_classical.00008.wav,Classical,Classical,Global / Western,gtzan_proxy_classical_002,GTZAN,classical/classical.00008.wav,9d66aa78ac3d9a6834d54f1493a95179b124f254a13845139e964eb5f0802748,30.01,GTZAN Genre Collection,2002,val,CC-BY-NC-ND / Marsyas Academic Research,GTZAN
gtzan_classical_00009,datasets/processed/gtzan_classical_classical.00009.wav,Classical,Classical,Global / Western,gtzan_proxy_classical_002,GTZAN,classical/classical.00009.wav,16abd109b4bd9d96188ca566516c7a8daa28a2ff2cab137b7681d8b4bf9bdcaf,30.01,GTZAN Genre Collection,2002,val,CC-BY-NC-ND / Marsyas Academic Research,GTZAN
gtzan_classical_00010,datasets/processed/gtzan_classical_classical.00010.wav,Classical,Classical,Global / Western,gtzan_proxy_classical_002,GTZAN,classical/classical.00010.wav,2ef0ea333bd2d2a921af6fa1b547a170d1979fd9d95f204fdb0f7662cbf9d509,30.01,GTZAN Genre Collection,2002,val,CC-BY-NC-ND / Marsyas Academic Research,GTZAN
gtzan_classical_00068,datasets/processed/gtzan_classical_classical.00068.wav,Classical,Classical,Global / Western,gtzan_proxy_classical_017,GTZAN,classical/classical.00068.wav,a5aa6ed52a428c2ed7b5e82ad4d9ffe91361bb57fd86204db87ff53dbb5df78f,30.01,GTZAN Genre Collection,2002,val,CC-BY-NC-ND / Marsyas Academic Research,GTZAN
gtzan_classical_00069,datasets/processed/gtzan_classical_classical.00069.wav,Classical,Classical,Global / Western,gtzan_proxy_classical_017,GTZAN,classical/classical.00069.wav,9ada32fd68f62f1b53895ba540aac3a75963f8433e0b77fc9a866c028d94a54d,30.01,GTZAN Genre Collection,2002,val,CC-BY-NC-ND / Marsyas Academic Research,GTZAN
gtzan_classical_00070,datasets/processed/gtzan_classical_classical.00070.wav,Classical,Classical,Global / Western,gtzan_proxy_classical_017,GTZAN,classical/classical.00070.wav,d0e326d5b2b1663460d85462c06299e8557828e4ad48a245487ec5dbc83c71ca,30.01,GTZAN Genre Collection,2002,val,CC-BY-NC-ND / Marsyas Academic Research,GTZAN
gtzan_classical_00071,datasets/processed/gtzan_classical_classical.00071.wav,Classical,Classical,Global / Western,gtzan_proxy_classical_017,GTZAN,classical/classical.00071.wav,49bd2d1bc3720902dce83b40cc977f3b24bba7f6b05114f5e6294bde45ef6449,30.01,GTZAN Genre Collection,2002,val,CC-BY-NC-ND / Marsyas Academic Research,GTZAN
gtzan_classical_00072,datasets/processed/gtzan_classical_classical.00072.wav,Classical,Classical,Global / Western,gtzan_proxy_classical_018,GTZAN,classical/classical.00072.wav,f02e89eba946747e4959e58ef6a8f2651b4b0aeedc5826a08d31b0fa7c96d425,30.01,GTZAN Genre Collection,2002,val,CC-BY-NC-ND / Marsyas Academic Research,GTZAN
gtzan_classical_00073,datasets/processed/gtzan_classical_classical.00073.wav,Classical,Classical,Global / Western,gtzan_proxy_classical_018,GTZAN,classical/classical.00073.wav,7b92a0fd692759e9671dc3e2f4692725472061ed1020f264a36d6ba9baae77eb,30.01,GTZAN Genre Collection,2002,val,CC-BY-NC-ND / Marsyas Academic Research,GTZAN
gtzan_classical_00074,datasets/processed/gtzan_classical_classical.00074.wav,Classical,Classical,Global / Western,gtzan_proxy_classical_018,GTZAN,classical/classical.00074.wav,7951cc838fc957308b285e17625e7cb74b83d80bab819b2de8dd2000307d4131,30.01,GTZAN Genre Collection,2002,val,CC-BY-NC-ND / Marsyas Academic Research,GTZAN
gtzan_classical_00075,datasets/processed/gtzan_classical_classical.00075.wav,Classical,Classical,Global / Western,gtzan_proxy_classical_018,GTZAN,classical/classical.00075.wav,9c7676ea2a2a648654c8dbb411c5b927e09261b887c384576808eabde222b02a,30.01,GTZAN Genre Collection,2002,val,CC-BY-NC-ND / Marsyas Academic Research,GTZAN
gtzan_classical_00076,datasets/processed/gtzan_classical_classical.00076.wav,Classical,Classical,Global / Western,gtzan_proxy_classical_019,GTZAN,classical/classical.00076.wav,259f973295ed71aed12bc4c0097aef93d2377699e33b9d7f7e8057ab3f6914e2,30.01,GTZAN Genre Collection,2002,val,CC-BY-NC-ND / Marsyas Academic Research,GTZAN
gtzan_country_00000,datasets/processed/gtzan_country_country.00000.wav,Country,Country,Global / Western,gtzan_proxy_country_000,GTZAN,country/country.00000.wav,04b4f73858beecc9a1ef7912e863c5e77746785f3a37ec765441f6db1bb7248a,30.08,GTZAN Genre Collection,2002,val,CC-BY-NC-ND / Marsyas Academic Research,GTZAN
gtzan_country_00001,datasets/processed/gtzan_country_country.00001.wav,Country,Country,Global / Western,gtzan_proxy_country_000,GTZAN,country/country.00001.wav,e79875b5e2384b1e2e0e2e8a45ae82daa15605b57bea6624c675b45bd89ec859,30.01,GTZAN Genre Collection,2002,val,CC-BY-NC-ND / Marsyas Academic Research,GTZAN
gtzan_country_00002,datasets/processed/gtzan_country_country.00002.wav,Country,Country,Global / Western,gtzan_proxy_country_000,GTZAN,country/country.00002.wav,1df1e22a8aa328d1bc60f5e1023ad47d20689f3f731fb72e571f2c66e49388ec,30.37,GTZAN Genre Collection,2002,val,CC-BY-NC-ND / Marsyas Academic Research,GTZAN
gtzan_country_00003,datasets/processed/gtzan_country_country.00003.wav,Country,Country,Global / Western,gtzan_proxy_country_000,GTZAN,country/country.00003.wav,5512b2ca02dadfb12e3af36b53648fcfae97ff05457c9b09f0975ed14214c90e,30.0,GTZAN Genre Collection,2002,val,CC-BY-NC-ND / Marsyas Academic Research,GTZAN
gtzan_country_00004,datasets/processed/gtzan_country_country.00004.wav,Country,Country,Global / Western,gtzan_proxy_country_001,GTZAN,country/country.00004.wav,49adb709872bad8022d3509acac6be54ae701e1dfa6df474a172f3266ad5c35e,30.0,GTZAN Genre Collection,2002,val,CC-BY-NC-ND / Marsyas Academic Research,GTZAN
gtzan_country_00005,datasets/processed/gtzan_country_country.00005.wav,Country,Country,Global / Western,gtzan_proxy_country_001,GTZAN,country/country.00005.wav,6975822efd9ebe512900d52f4a742d1e42bb2717eb1cc46e45a2665b6ab873bc,30.24,GTZAN Genre Collection,2002,val,CC-BY-NC-ND / Marsyas Academic Research,GTZAN
gtzan_country_00006,datasets/processed/gtzan_country_country.00006.wav,Country,Country,Global / Western,gtzan_proxy_country_001,GTZAN,country/country.00006.wav,3584e5d22c32b91621cfdcf188be37abbe7b1fbae2c0a3f9b75bc9b06d95ed93,30.33,GTZAN Genre Collection,2002,val,CC-BY-NC-ND / Marsyas Academic Research,GTZAN
gtzan_country_00007,datasets/processed/gtzan_country_country.00007.wav,Country,Country,Global / Western,gtzan_proxy_country_001,GTZAN,country/country.00007.wav,bf62e1b5c6d96ea803fc5e054a53c1a74daf9fc9cbeedf157d78d9b5f0711cfd,29.98,GTZAN Genre Collection,2002,val,CC-BY-NC-ND / Marsyas Academic Research,GTZAN
gtzan_country_00009,datasets/processed/gtzan_country_country.00009.wav,Country,Country,Global / Western,gtzan_proxy_country_002,GTZAN,country/country.00009.wav,73074f2447f3fdc3704066d6088ce1ba36d8668aab991e01d991f59a388d6c6d,30.08,GTZAN Genre Collection,2002,val,CC-BY-NC-ND / Marsyas Academic Research,GTZAN
gtzan_country_00010,datasets/processed/gtzan_country_country.00010.wav,Country,Country,Global / Western,gtzan_proxy_country_002,GTZAN,country/country.00010.wav,9dd721287136531f1aec4a1f11b73595726dc67e0c50b5edeec7932fc35b1938,30.01,GTZAN Genre Collection,2002,val,CC-BY-NC-ND / Marsyas Academic Research,GTZAN
gtzan_country_00011,datasets/processed/gtzan_country_country.00011.wav,Country,Country,Global / Western,gtzan_proxy_country_002,GTZAN,country/country.00011.wav,fedcc9a8ea9395ab58d18c10adce0331122643121678578d4d3ab1ad124f43f1,30.01,GTZAN Genre Collection,2002,val,CC-BY-NC-ND / Marsyas Academic Research,GTZAN
gtzan_country_00012,datasets/processed/gtzan_country_country.00012.wav,Country,Country,Global / Western,gtzan_proxy_country_003,GTZAN,country/country.00012.wav,776ad4c2096c7c6df4ca306c1c5d3a77abb8c041ed8e8a24d845d24cb48f27a8,30.01,GTZAN Genre Collection,2002,val,CC-BY-NC-ND / Marsyas Academic Research,GTZAN
gtzan_country_00013,datasets/processed/gtzan_country_country.00013.wav,Country,Country,Global / Western,gtzan_proxy_country_003,GTZAN,country/country.00013.wav,968dd32655dd7449d332ca5852fd1b66cfcbf5594347fc2d031d8bb9e74c0d86,30.01,GTZAN Genre Collection,2002,val,CC-BY-NC-ND / Marsyas Academic Research,GTZAN
gtzan_country_00014,datasets/processed/gtzan_country_country.00014.wav,Country,Country,Global / Western,gtzan_proxy_country_003,GTZAN,country/country.00014.wav,fb17f511755bfff132a288d52a1c58a0bda1daf3d8b1f3c65c2f78994bf38c0a,30.01,GTZAN Genre Collection,2002,val,CC-BY-NC-ND / Marsyas Academic Research,GTZAN
gtzan_country_00015,datasets/processed/gtzan_country_country.00015.wav,Country,Country,Global / Western,gtzan_proxy_country_003,GTZAN,country/country.00015.wav,28838b743fa7355c6893d5867178f0afe233c31edd73ae77ff377421ec14fc5d,30.01,GTZAN Genre Collection,2002,val,CC-BY-NC-ND / Marsyas Academic Research,GTZAN
gtzan_country_00016,datasets/processed/gtzan_country_country.00016.wav,Country,Country,Global / Western,gtzan_proxy_country_004,GTZAN,country/country.00016.wav,73897af73b875801a087911773aa972623a49724b1dba5f10ccbe08a40a52f92,30.01,GTZAN Genre Collection,2002,val,CC-BY-NC-ND / Marsyas Academic Research,GTZAN
gtzan_country_00017,datasets/processed/gtzan_country_country.00017.wav,Country,Country,Global / Western,gtzan_proxy_country_004,GTZAN,country/country.00017.wav,1fc4c37c26fc9787c0139ab087695a6243a68e6bf04187c300ac945b384baec9,30.01,GTZAN Genre Collection,2002,val,CC-BY-NC-ND / Marsyas Academic Research,GTZAN
gtzan_country_00018,datasets/processed/gtzan_country_country.00018.wav,Country,Country,Global / Western,gtzan_proxy_country_004,GTZAN,country/country.00018.wav,e894cd1fbabf01e7c82dce642d43819756637c03f632be45c684a1e7d5ab5228,30.01,GTZAN Genre Collection,2002,val,CC-BY-NC-ND / Marsyas Academic Research,GTZAN
gtzan_country_00027,datasets/processed/gtzan_country_country.00027.wav,Country,Country,Global / Western,gtzan_proxy_country_006,GTZAN,country/country.00027.wav,36fa0dd10833f5a5b2b24c735d4d5e02a85695e67e8330473b224160ec32a176,30.01,GTZAN Genre Collection,2002,val,CC-BY-NC-ND / Marsyas Academic Research,GTZAN
gtzan_country_00041,datasets/processed/gtzan_country_country.00041.wav,Country,Country,Global / Western,gtzan_proxy_country_010,GTZAN,country/country.00041.wav,643f9794edffa2383f53720b227c8364a56314d4bd9f65c8dae78e2070ec3211,30.01,GTZAN Genre Collection,2002,val,CC-BY-NC-ND / Marsyas Academic Research,GTZAN
gtzan_country_00042,datasets/processed/gtzan_country_country.00042.wav,Country,Country,Global / Western,gtzan_proxy_country_010,GTZAN,country/country.00042.wav,6bd8e471c4a11190744c5735dceb2bc917d377c88ef9d72b965528ab137cbd21,30.01,GTZAN Genre Collection,2002,val,CC-BY-NC-ND / Marsyas Academic Research,GTZAN
gtzan_country_00045,datasets/processed/gtzan_country_country.00045.wav,Country,Country,Global / Western,gtzan_proxy_country_011,GTZAN,country/country.00045.wav,2fb2c920bf8a2a12aa1345749af7e77cc37e4eaf9883508aef51204dada6cbc2,30.01,GTZAN Genre Collection,2002,val,CC-BY-NC-ND / Marsyas Academic Research,GTZAN
gtzan_country_00049,datasets/processed/gtzan_country_country.00049.wav,Country,Country,Global / Western,gtzan_proxy_country_012,GTZAN,country/country.00049.wav,9069df70b51988beaba3dba1d13fd7b3eabb2be4e0aa4ca6f7793af17c5f24ea,30.01,GTZAN Genre Collection,2002,val,CC-BY-NC-ND / Marsyas Academic Research,GTZAN
gtzan_disco_00000,datasets/processed/gtzan_disco_disco.00000.wav,Disco,Disco,Global / Western,gtzan_proxy_disco_000,GTZAN,disco/disco.00000.wav,b70185dc9c8bd064cad892df7641447b6d5a0c7da7638aef13de8bc0bf6c9950,30.12,GTZAN Genre Collection,2002,val,CC-BY-NC-ND / Marsyas Academic Research,GTZAN
gtzan_disco_00002,datasets/processed/gtzan_disco_disco.00002.wav,Disco,Disco,Global / Western,gtzan_proxy_disco_000,GTZAN,disco/disco.00002.wav,0e569b4d2b7da9d440775a6f92dc989c8c84d1f02786540b5770713e19fbb0f8,30.01,GTZAN Genre Collection,2002,val,CC-BY-NC-ND / Marsyas Academic Research,GTZAN
gtzan_disco_00003,datasets/processed/gtzan_disco_disco.00003.wav,Disco,Disco,Global / Western,gtzan_proxy_disco_000,GTZAN,disco/disco.00003.wav,764434d4d12e2a32fd7684c57927122b78b77770f494e6a1095943210231f8e4,30.3,GTZAN Genre Collection,2002,val,CC-BY-NC-ND / Marsyas Academic Research,GTZAN
gtzan_disco_00004,datasets/processed/gtzan_disco_disco.00004.wav,Disco,Disco,Global / Western,gtzan_proxy_disco_001,GTZAN,disco/disco.00004.wav,48ee5df45ffc332425cb293fb2432a3d1f111be362f65de0121ee0aee4e298ce,30.01,GTZAN Genre Collection,2002,val,CC-BY-NC-ND / Marsyas Academic Research,GTZAN
gtzan_disco_00006,datasets/processed/gtzan_disco_disco.00006.wav,Disco,Disco,Global / Western,gtzan_proxy_disco_001,GTZAN,disco/disco.00006.wav,8e04c3abb108d7a9c136111998cf0bfa96dd119db45e5cf58d62bed77405b91c,30.01,GTZAN Genre Collection,2002,val,CC-BY-NC-ND / Marsyas Academic Research,GTZAN
gtzan_disco_00007,datasets/processed/gtzan_disco_disco.00007.wav,Disco,Disco,Global / Western,gtzan_proxy_disco_001,GTZAN,disco/disco.00007.wav,f9b3eb1fa98a4a15593f3fa22a5e13c727d3ba40e5bb2789990b9f5dd124d142,30.01,GTZAN Genre Collection,2002,val,CC-BY-NC-ND / Marsyas Academic Research,GTZAN
gtzan_disco_00008,datasets/processed/gtzan_disco_disco.00008.wav,Disco,Disco,Global / Western,gtzan_proxy_disco_002,GTZAN,disco/disco.00008.wav,b7f468bd8cd000f61b723fc90bfa32148563356883a7960302c740afd1ea14f1,30.16,GTZAN Genre Collection,2002,val,CC-BY-NC-ND / Marsyas Academic Research,GTZAN
gtzan_disco_00009,datasets/processed/gtzan_disco_disco.00009.wav,Disco,Disco,Global / Western,gtzan_proxy_disco_002,GTZAN,disco/disco.00009.wav,f2d4903ae5ab9009456d86d368bd4bf512a7e80dadfc178dde826e93d42e801e,30.01,GTZAN Genre Collection,2002,val,CC-BY-NC-ND / Marsyas Academic Research,GTZAN
gtzan_disco_00010,datasets/processed/gtzan_disco_disco.00010.wav,Disco,Disco,Global / Western,gtzan_proxy_disco_002,GTZAN,disco/disco.00010.wav,90a419170250c4a40bad5bb96f939af53cb3bbffb7869c60e4ad4ce4f2da01a9,30.01,GTZAN Genre Collection,2002,val,CC-BY-NC-ND / Marsyas Academic Research,GTZAN
gtzan_disco_00011,datasets/processed/gtzan_disco_disco.00011.wav,Disco,Disco,Global / Western,gtzan_proxy_disco_002,GTZAN,disco/disco.00011.wav,3991b5e6dc38b406e0488d3031c062de36fc7baf57b95c64259f3e24aa9effe7,30.01,GTZAN Genre Collection,2002,val,CC-BY-NC-ND / Marsyas Academic Research,GTZAN
gtzan_disco_00012,datasets/processed/gtzan_disco_disco.00012.wav,Disco,Disco,Global / Western,gtzan_proxy_disco_003,GTZAN,disco/disco.00012.wav,e5e7a6cea67297fd27f27196c53180d1a57c90d4be04e568b93f77a50ce8a07d,30.09,GTZAN Genre Collection,2002,val,CC-BY-NC-ND / Marsyas Academic Research,GTZAN
gtzan_disco_00013,datasets/processed/gtzan_disco_disco.00013.wav,Disco,Disco,Global / Western,gtzan_proxy_disco_003,GTZAN,disco/disco.00013.wav,427f4ec7ae5d595bbefa4c8983634731b2541cbf011e51581a036835f2688b06,30.01,GTZAN Genre Collection,2002,val,CC-BY-NC-ND / Marsyas Academic Research,GTZAN
gtzan_disco_00014,datasets/processed/gtzan_disco_disco.00014.wav,Disco,Disco,Global / Western,gtzan_proxy_disco_003,GTZAN,disco/disco.00014.wav,52315c5c69dc055148298d531022954bc3acd3188bfea0b5948f72f2c80e2af8,29.99,GTZAN Genre Collection,2002,val,CC-BY-NC-ND / Marsyas Academic Research,GTZAN
gtzan_disco_00046,datasets/processed/gtzan_disco_disco.00046.wav,Disco,Disco,Global / Western,gtzan_proxy_disco_011,GTZAN,disco/disco.00046.wav,7810ccaec133aa53b3f4e0c43b6c306d887a06ef58316f6d257275ec71116c1f,30.0,GTZAN Genre Collection,2002,val,CC-BY-NC-ND / Marsyas Academic Research,GTZAN
gtzan_disco_00048,datasets/processed/gtzan_disco_disco.00048.wav,Disco,Disco,Global / Western,gtzan_proxy_disco_012,GTZAN,disco/disco.00048.wav,38b8238c46e64d9ed7df8634b1f0376c22c43c263a7794c88421dc45e150bd4d,30.0,GTZAN Genre Collection,2002,val,CC-BY-NC-ND / Marsyas Academic Research,GTZAN
gtzan_disco_00052,datasets/processed/gtzan_disco_disco.00052.wav,Disco,Disco,Global / Western,gtzan_proxy_disco_013,GTZAN,disco/disco.00052.wav,11741c43646833c186a0dcd1f4e07b5dabe46284904e83f510974e4c543b52dc,30.0,GTZAN Genre Collection,2002,val,CC-BY-NC-ND / Marsyas Academic Research,GTZAN
gtzan_disco_00067,datasets/processed/gtzan_disco_disco.00067.wav,Disco,Disco,Global / Western,gtzan_proxy_disco_016,GTZAN,disco/disco.00067.wav,8d275fc964ac72092264f1fad1560a54dd7c9b8bb241b699875c6bc76e7dc5c0,30.0,GTZAN Genre Collection,2002,val,CC-BY-NC-ND / Marsyas Academic Research,GTZAN
gtzan_disco_00068,datasets/processed/gtzan_disco_disco.00068.wav,Disco,Disco,Global / Western,gtzan_proxy_disco_017,GTZAN,disco/disco.00068.wav,e5c70a7f0e813a64609607e30c3c554c95658b54d9863f8a287fd3decbc8b235,30.0,GTZAN Genre Collection,2002,val,CC-BY-NC-ND / Marsyas Academic Research,GTZAN
gtzan_disco_00072,datasets/processed/gtzan_disco_disco.00072.wav,Disco,Disco,Global / Western,gtzan_proxy_disco_018,GTZAN,disco/disco.00072.wav,265f21ad200a18764209e6de43cca26d50aae1e8e9c7a318d995fc708aae854d,30.0,GTZAN Genre Collection,2002,val,CC-BY-NC-ND / Marsyas Academic Research,GTZAN
gtzan_disco_00075,datasets/processed/gtzan_disco_disco.00075.wav,Disco,Disco,Global / Western,gtzan_proxy_disco_018,GTZAN,disco/disco.00075.wav,4fc4011b9a4c44e0dcb148bcf45646505abf604814e2f88ddd1d7e096595c110,30.0,GTZAN Genre Collection,2002,val,CC-BY-NC-ND / Marsyas Academic Research,GTZAN
gtzan_disco_00090,datasets/processed/gtzan_disco_disco.00090.wav,Disco,Disco,Global / Western,gtzan_proxy_disco_022,GTZAN,disco/disco.00090.wav,44337b5f2b3b03cc870113fec3b7ceb1289b536d621e997707df07137cdcfbe9,30.0,GTZAN Genre Collection,2002,val,CC-BY-NC-ND / Marsyas Academic Research,GTZAN
gtzan_disco_00095,datasets/processed/gtzan_disco_disco.00095.wav,Disco,Disco,Global / Western,gtzan_proxy_disco_023,GTZAN,disco/disco.00095.wav,d80e4b164961a0d60a75f3e9974c771a8296c48abce8a1ccc935436ade63b0d9,30.0,GTZAN Genre Collection,2002,val,CC-BY-NC-ND / Marsyas Academic Research,GTZAN
gtzan_hiphop_00081,datasets/processed/gtzan_hiphop_hiphop.00081.wav,Hip-Hop,Hip-Hop,Global / Western,gtzan_proxy_hiphop_020,GTZAN,hiphop/hiphop.00081.wav,7b19e7f1378b2e3d5bbc75fc0556e1533549237559cb5fe4361d4e44511f273d,30.01,GTZAN Genre Collection,2002,val,CC-BY-NC-ND / Marsyas Academic Research,GTZAN
gtzan_hiphop_00082,datasets/processed/gtzan_hiphop_hiphop.00082.wav,Hip-Hop,Hip-Hop,Global / Western,gtzan_proxy_hiphop_020,GTZAN,hiphop/hiphop.00082.wav,d020d16745735b0e035ce111e0b3427065035a19ef90c34b287bc0c41e564065,30.01,GTZAN Genre Collection,2002,val,CC-BY-NC-ND / Marsyas Academic Research,GTZAN
gtzan_hiphop_00083,datasets/processed/gtzan_hiphop_hiphop.00083.wav,Hip-Hop,Hip-Hop,Global / Western,gtzan_proxy_hiphop_020,GTZAN,hiphop/hiphop.00083.wav,9f742559280a97e19c5f55861b9483da90f7b30dfa424ef10dbc82556e75bb02,30.01,GTZAN Genre Collection,2002,val,CC-BY-NC-ND / Marsyas Academic Research,GTZAN
gtzan_hiphop_00084,datasets/processed/gtzan_hiphop_hiphop.00084.wav,Hip-Hop,Hip-Hop,Global / Western,gtzan_proxy_hiphop_021,GTZAN,hiphop/hiphop.00084.wav,86f4a9c47bfcfdce6b1149768a6fa518650d71c74c1ab6a88a372cbb1e385103,30.01,GTZAN Genre Collection,2002,val,CC-BY-NC-ND / Marsyas Academic Research,GTZAN
gtzan_hiphop_00085,datasets/processed/gtzan_hiphop_hiphop.00085.wav,Hip-Hop,Hip-Hop,Global / Western,gtzan_proxy_hiphop_021,GTZAN,hiphop/hiphop.00085.wav,e7df6c2be3bd8eba59d8de548488c94480ed3c3ac5b155afad64ad743ed02233,30.01,GTZAN Genre Collection,2002,val,CC-BY-NC-ND / Marsyas Academic Research,GTZAN
gtzan_hiphop_00086,datasets/processed/gtzan_hiphop_hiphop.00086.wav,Hip-Hop,Hip-Hop,Global / Western,gtzan_proxy_hiphop_021,GTZAN,hiphop/hiphop.00086.wav,aed318ae0794646c92fa745a01ea435a88b6fa626733cabef61fe78c9e5d9a08,30.01,GTZAN Genre Collection,2002,val,CC-BY-NC-ND / Marsyas Academic Research,GTZAN
gtzan_hiphop_00087,datasets/processed/gtzan_hiphop_hiphop.00087.wav,Hip-Hop,Hip-Hop,Global / Western,gtzan_proxy_hiphop_021,GTZAN,hiphop/hiphop.00087.wav,fe7075b01f651c9a6c9176b4c3465496154750587040bea25f6689f764db412a,30.01,GTZAN Genre Collection,2002,val,CC-BY-NC-ND / Marsyas Academic Research,GTZAN
gtzan_hiphop_00088,datasets/processed/gtzan_hiphop_hiphop.00088.wav,Hip-Hop,Hip-Hop,Global / Western,gtzan_proxy_hiphop_022,GTZAN,hiphop/hiphop.00088.wav,5643239962c3f4e85bd5c2815b3e09916b25a4744837f403c29bf8f7c10ff94d,30.01,GTZAN Genre Collection,2002,val,CC-BY-NC-ND / Marsyas Academic Research,GTZAN
gtzan_hiphop_00089,datasets/processed/gtzan_hiphop_hiphop.00089.wav,Hip-Hop,Hip-Hop,Global / Western,gtzan_proxy_hiphop_022,GTZAN,hiphop/hiphop.00089.wav,a62d8f6d632658b22f0059576745bec6cd9761f9e135830aebca036903cdc95f,30.01,GTZAN Genre Collection,2002,val,CC-BY-NC-ND / Marsyas Academic Research,GTZAN
gtzan_hiphop_00090,datasets/processed/gtzan_hiphop_hiphop.00090.wav,Hip-Hop,Hip-Hop,Global / Western,gtzan_proxy_hiphop_022,GTZAN,hiphop/hiphop.00090.wav,34f7318a5beadd78f804037022e305ad109c321f02730ada1a5450426e0d4992,30.01,GTZAN Genre Collection,2002,val,CC-BY-NC-ND / Marsyas Academic Research,GTZAN
gtzan_hiphop_00091,datasets/processed/gtzan_hiphop_hiphop.00091.wav,Hip-Hop,Hip-Hop,Global / Western,gtzan_proxy_hiphop_022,GTZAN,hiphop/hiphop.00091.wav,939766693711ad3388eaac14e2b86fe5a7324bc57d158f922d328aa44c2a7a07,30.01,GTZAN Genre Collection,2002,val,CC-BY-NC-ND / Marsyas Academic Research,GTZAN
gtzan_hiphop_00092,datasets/processed/gtzan_hiphop_hiphop.00092.wav,Hip-Hop,Hip-Hop,Global / Western,gtzan_proxy_hiphop_023,GTZAN,hiphop/hiphop.00092.wav,003b832df322b8fd19e3a1b27e82f47eff73e3a3f7bde80d63aed6fbf9fc7ac0,30.01,GTZAN Genre Collection,2002,val,CC-BY-NC-ND / Marsyas Academic Research,GTZAN
gtzan_hiphop_00093,datasets/processed/gtzan_hiphop_hiphop.00093.wav,Hip-Hop,Hip-Hop,Global / Western,gtzan_proxy_hiphop_023,GTZAN,hiphop/hiphop.00093.wav,61b4a6d517800d3dabdd17c7f8ca97afa97f536d1e8cc4b9f52bc28eb4066d16,30.01,GTZAN Genre Collection,2002,val,CC-BY-NC-ND / Marsyas Academic Research,GTZAN
gtzan_hiphop_00094,datasets/processed/gtzan_hiphop_hiphop.00094.wav,Hip-Hop,Hip-Hop,Global / Western,gtzan_proxy_hiphop_023,GTZAN,hiphop/hiphop.00094.wav,608b242bd29e04deed526192081639085268d54bdef17a1ff50f1ac413fcd87f,30.01,GTZAN Genre Collection,2002,val,CC-BY-NC-ND / Marsyas Academic Research,GTZAN
gtzan_hiphop_00095,datasets/processed/gtzan_hiphop_hiphop.00095.wav,Hip-Hop,Hip-Hop,Global / Western,gtzan_proxy_hiphop_023,GTZAN,hiphop/hiphop.00095.wav,a5dc00ab360cb53f7924b9fab8e05bfc2e3ddf83c36fe90a8b1fa29b01ef72a8,30.01,GTZAN Genre Collection,2002,val,CC-BY-NC-ND / Marsyas Academic Research,GTZAN
gtzan_hiphop_00096,datasets/processed/gtzan_hiphop_hiphop.00096.wav,Hip-Hop,Hip-Hop,Global / Western,gtzan_proxy_hiphop_024,GTZAN,hiphop/hiphop.00096.wav,002357e394f608a82d620d709ab2eb08636be01b405297c52e715d8c8dc92368,30.01,GTZAN Genre Collection,2002,val,CC-BY-NC-ND / Marsyas Academic Research,GTZAN
gtzan_hiphop_00097,datasets/processed/gtzan_hiphop_hiphop.00097.wav,Hip-Hop,Hip-Hop,Global / Western,gtzan_proxy_hiphop_024,GTZAN,hiphop/hiphop.00097.wav,bb99e9db73eae5d92c70ac6cf6dd619d090d163151e8aa0c68b4c08033305efe,30.01,GTZAN Genre Collection,2002,val,CC-BY-NC-ND / Marsyas Academic Research,GTZAN
gtzan_hiphop_00098,datasets/processed/gtzan_hiphop_hiphop.00098.wav,Hip-Hop,Hip-Hop,Global / Western,gtzan_proxy_hiphop_024,GTZAN,hiphop/hiphop.00098.wav,d4b07526137a26a1a5c431af02d2612cea6dbd10a23878149561d94f70d7a12e,30.01,GTZAN Genre Collection,2002,val,CC-BY-NC-ND / Marsyas Academic Research,GTZAN
gtzan_jazz_00002,datasets/processed/gtzan_jazz_jazz.00002.wav,Jazz,Jazz,Global / Western,gtzan_proxy_jazz_000,GTZAN,jazz/jazz.00002.wav,4779ab7c00334ec8531d979a95e0c4c0cc68802be7c380ffcb29ac848879ba68,30.01,GTZAN Genre Collection,2002,val,CC-BY-NC-ND / Marsyas Academic Research,GTZAN
gtzan_jazz_00003,datasets/processed/gtzan_jazz_jazz.00003.wav,Jazz,Jazz,Global / Western,gtzan_proxy_jazz_000,GTZAN,jazz/jazz.00003.wav,517ea77c495546c0c017c30a0d0ac8cf624c3621cfc3391a1f70beb2bf35d818,30.01,GTZAN Genre Collection,2002,val,CC-BY-NC-ND / Marsyas Academic Research,GTZAN
gtzan_jazz_00004,datasets/processed/gtzan_jazz_jazz.00004.wav,Jazz,Jazz,Global / Western,gtzan_proxy_jazz_001,GTZAN,jazz/jazz.00004.wav,8f7de2303f09c12651bc9f2fd8be5ff6fa092c347bb893fa63c813b35af7f02b,30.01,GTZAN Genre Collection,2002,val,CC-BY-NC-ND / Marsyas Academic Research,GTZAN
gtzan_jazz_00005,datasets/processed/gtzan_jazz_jazz.00005.wav,Jazz,Jazz,Global / Western,gtzan_proxy_jazz_001,GTZAN,jazz/jazz.00005.wav,dd7c9ffc98110e34de448ab7303c39d1a9c503bf0a047464f6d55472bf3ef724,30.01,GTZAN Genre Collection,2002,val,CC-BY-NC-ND / Marsyas Academic Research,GTZAN
gtzan_jazz_00006,datasets/processed/gtzan_jazz_jazz.00006.wav,Jazz,Jazz,Global / Western,gtzan_proxy_jazz_001,GTZAN,jazz/jazz.00006.wav,bba892aa11c6a3f778ff5f3b21db1bd64e22ef80feb851f325a69bbf500c02a3,30.01,GTZAN Genre Collection,2002,val,CC-BY-NC-ND / Marsyas Academic Research,GTZAN
gtzan_jazz_00007,datasets/processed/gtzan_jazz_jazz.00007.wav,Jazz,Jazz,Global / Western,gtzan_proxy_jazz_001,GTZAN,jazz/jazz.00007.wav,80f82e68aaa0168ae31c1ffaa30b7b798b12dde5f337489ba18915796f1a7c6c,30.01,GTZAN Genre Collection,2002,val,CC-BY-NC-ND / Marsyas Academic Research,GTZAN
gtzan_jazz_00008,datasets/processed/gtzan_jazz_jazz.00008.wav,Jazz,Jazz,Global / Western,gtzan_proxy_jazz_002,GTZAN,jazz/jazz.00008.wav,f1e453911036df794c59968c368bbf8f1f6fec1998aa7f068cdb2dfa0efeccf7,30.01,GTZAN Genre Collection,2002,val,CC-BY-NC-ND / Marsyas Academic Research,GTZAN
gtzan_jazz_00009,datasets/processed/gtzan_jazz_jazz.00009.wav,Jazz,Jazz,Global / Western,gtzan_proxy_jazz_002,GTZAN,jazz/jazz.00009.wav,2f00179fa7793979f9a469e7bca3c97f2bd126328457354a95520a2cfdcc771d,30.01,GTZAN Genre Collection,2002,val,CC-BY-NC-ND / Marsyas Academic Research,GTZAN
gtzan_jazz_00010,datasets/processed/gtzan_jazz_jazz.00010.wav,Jazz,Jazz,Global / Western,gtzan_proxy_jazz_002,GTZAN,jazz/jazz.00010.wav,b67c71c3f3612e2a846ec594942c08d53020c198268e96a0cb11a53b4541d630,30.01,GTZAN Genre Collection,2002,val,CC-BY-NC-ND / Marsyas Academic Research,GTZAN
gtzan_jazz_00025,datasets/processed/gtzan_jazz_jazz.00025.wav,Jazz,Jazz,Global / Western,gtzan_proxy_jazz_006,GTZAN,jazz/jazz.00025.wav,c7e1991334a9e09b62dd2d1f84c0d564b5e572fc48f5f6da993cf889b7f96e97,30.01,GTZAN Genre Collection,2002,val,CC-BY-NC-ND / Marsyas Academic Research,GTZAN
gtzan_jazz_00026,datasets/processed/gtzan_jazz_jazz.00026.wav,Jazz,Jazz,Global / Western,gtzan_proxy_jazz_006,GTZAN,jazz/jazz.00026.wav,a9d01648d97b4e8f7ce803d1db2ad7f81befd600484ab92e8ecf30bb2d2e52a4,30.01,GTZAN Genre Collection,2002,val,CC-BY-NC-ND / Marsyas Academic Research,GTZAN
gtzan_jazz_00027,datasets/processed/gtzan_jazz_jazz.00027.wav,Jazz,Jazz,Global / Western,gtzan_proxy_jazz_006,GTZAN,jazz/jazz.00027.wav,8d96f53395e1cc0b6e07e37ddc87792656705f27f01e3af717eb8c3ea077afc3,30.01,GTZAN Genre Collection,2002,val,CC-BY-NC-ND / Marsyas Academic Research,GTZAN
gtzan_jazz_00028,datasets/processed/gtzan_jazz_jazz.00028.wav,Jazz,Jazz,Global / Western,gtzan_proxy_jazz_007,GTZAN,jazz/jazz.00028.wav,47f435af03e32c77d3374c57287bcd6af18ba1344aec78d4ef81e16e3f7b339c,30.01,GTZAN Genre Collection,2002,val,CC-BY-NC-ND / Marsyas Academic Research,GTZAN
gtzan_jazz_00029,datasets/processed/gtzan_jazz_jazz.00029.wav,Jazz,Jazz,Global / Western,gtzan_proxy_jazz_007,GTZAN,jazz/jazz.00029.wav,c559bd2b805d29a153919ba8e9331538c0ee5965bf759e70cfc66726006efa0c,30.01,GTZAN Genre Collection,2002,val,CC-BY-NC-ND / Marsyas Academic Research,GTZAN
gtzan_jazz_00030,datasets/processed/gtzan_jazz_jazz.00030.wav,Jazz,Jazz,Global / Western,gtzan_proxy_jazz_007,GTZAN,jazz/jazz.00030.wav,0fb2e87ed60f4f421fa4d02dbb2789c326bdf96f3fecaa15e6aa1b4a98f8a2a6,30.01,GTZAN Genre Collection,2002,val,CC-BY-NC-ND / Marsyas Academic Research,GTZAN
gtzan_jazz_00031,datasets/processed/gtzan_jazz_jazz.00031.wav,Jazz,Jazz,Global / Western,gtzan_proxy_jazz_007,GTZAN,jazz/jazz.00031.wav,59f0e4b60dbcce82efcf3a22a89a6b748a92d442f555de181adb3bddbde757d1,30.01,GTZAN Genre Collection,2002,val,CC-BY-NC-ND / Marsyas Academic Research,GTZAN
gtzan_jazz_00032,datasets/processed/gtzan_jazz_jazz.00032.wav,Jazz,Jazz,Global / Western,gtzan_proxy_jazz_008,GTZAN,jazz/jazz.00032.wav,cee2cc7e65ce88a39d9a37ea8b79acc25bd72ef0d22f2dff1db3e86c424dbe97,30.01,GTZAN Genre Collection,2002,val,CC-BY-NC-ND / Marsyas Academic Research,GTZAN
gtzan_metal_00000,datasets/processed/gtzan_metal_metal.00000.wav,Metal,Metal,Global / Western,gtzan_proxy_metal_000,GTZAN,metal/metal.00000.wav,14f4286a666da766627d66dfa4edcd583cec9f511fea114831aa590a7ac4f9f8,30.0,GTZAN Genre Collection,2002,val,CC-BY-NC-ND / Marsyas Academic Research,GTZAN
gtzan_metal_00001,datasets/processed/gtzan_metal_metal.00001.wav,Metal,Metal,Global / Western,gtzan_proxy_metal_000,GTZAN,metal/metal.00001.wav,9b1eb10fc643706df7e8bbdac3727e10a1c20ab3b033dcb8068fe0ba0ec4bce0,30.0,GTZAN Genre Collection,2002,val,CC-BY-NC-ND / Marsyas Academic Research,GTZAN
gtzan_metal_00006,datasets/processed/gtzan_metal_metal.00006.wav,Metal,Metal,Global / Western,gtzan_proxy_metal_001,GTZAN,metal/metal.00006.wav,4d1af2573073a9f95df0c7a279738398fe785fdaa16b8329c2b38b416f019780,30.0,GTZAN Genre Collection,2002,val,CC-BY-NC-ND / Marsyas Academic Research,GTZAN
gtzan_metal_00007,datasets/processed/gtzan_metal_metal.00007.wav,Metal,Metal,Global / Western,gtzan_proxy_metal_001,GTZAN,metal/metal.00007.wav,f34f0bee2b0de07791275432d1c89cad3828385a89024f316675c29de41c99de,30.0,GTZAN Genre Collection,2002,val,CC-BY-NC-ND / Marsyas Academic Research,GTZAN
gtzan_metal_00008,datasets/processed/gtzan_metal_metal.00008.wav,Metal,Metal,Global / Western,gtzan_proxy_metal_002,GTZAN,metal/metal.00008.wav,40e7b9dec839a9dcff587f8824cde6e10f1b6ea89dea228de3528d3d18487127,30.0,GTZAN Genre Collection,2002,val,CC-BY-NC-ND / Marsyas Academic Research,GTZAN
gtzan_metal_00009,datasets/processed/gtzan_metal_metal.00009.wav,Metal,Metal,Global / Western,gtzan_proxy_metal_002,GTZAN,metal/metal.00009.wav,e55fc6eeffa6b30a42d5c512bf1e2ec4df0609447f9a0dc315f67a7152668399,30.0,GTZAN Genre Collection,2002,val,CC-BY-NC-ND / Marsyas Academic Research,GTZAN
gtzan_metal_00010,datasets/processed/gtzan_metal_metal.00010.wav,Metal,Metal,Global / Western,gtzan_proxy_metal_002,GTZAN,metal/metal.00010.wav,3b91502490cae6390fc526b1f6ce4d56f4e61d16555e81af74369d2358b9f3b8,30.0,GTZAN Genre Collection,2002,val,CC-BY-NC-ND / Marsyas Academic Research,GTZAN
gtzan_metal_00011,datasets/processed/gtzan_metal_metal.00011.wav,Metal,Metal,Global / Western,gtzan_proxy_metal_002,GTZAN,metal/metal.00011.wav,7055d93705dabf0f622f6f4ec269fd319a7a8a73621d6c717ae99bf0fe085cbf,30.0,GTZAN Genre Collection,2002,val,CC-BY-NC-ND / Marsyas Academic Research,GTZAN
gtzan_metal_00016,datasets/processed/gtzan_metal_metal.00016.wav,Metal,Metal,Global / Western,gtzan_proxy_metal_004,GTZAN,metal/metal.00016.wav,138bc7936ee8dbd584287a45fd111ae2fd63b0fda60e859b244e3f09505fd0d1,30.0,GTZAN Genre Collection,2002,val,CC-BY-NC-ND / Marsyas Academic Research,GTZAN
gtzan_metal_00017,datasets/processed/gtzan_metal_metal.00017.wav,Metal,Metal,Global / Western,gtzan_proxy_metal_004,GTZAN,metal/metal.00017.wav,7e727dd6cb466235cb9735a9f1a12ca147511d3eb507e4a785e834b66ce002b0,30.0,GTZAN Genre Collection,2002,val,CC-BY-NC-ND / Marsyas Academic Research,GTZAN
gtzan_metal_00018,datasets/processed/gtzan_metal_metal.00018.wav,Metal,Metal,Global / Western,gtzan_proxy_metal_004,GTZAN,metal/metal.00018.wav,2706fa9642df7311585fb24ef4c0e8a76fa82d5e4e8610721efd29da7d12a589,30.0,GTZAN Genre Collection,2002,val,CC-BY-NC-ND / Marsyas Academic Research,GTZAN
gtzan_metal_00019,datasets/processed/gtzan_metal_metal.00019.wav,Metal,Metal,Global / Western,gtzan_proxy_metal_004,GTZAN,metal/metal.00019.wav,f9914959f19cb2907c45235b1ddc3f7cbb055b7e4c56614fc65f6d0317f4a1a5,30.0,GTZAN Genre Collection,2002,val,CC-BY-NC-ND / Marsyas Academic Research,GTZAN
gtzan_metal_00020,datasets/processed/gtzan_metal_metal.00020.wav,Metal,Metal,Global / Western,gtzan_proxy_metal_005,GTZAN,metal/metal.00020.wav,4bb9c53145072ccc22b676446551da77574c7f8769b228c67f64aa726c73b852,30.0,GTZAN Genre Collection,2002,val,CC-BY-NC-ND / Marsyas Academic Research,GTZAN
gtzan_metal_00036,datasets/processed/gtzan_metal_metal.00036.wav,Metal,Metal,Global / Western,gtzan_proxy_metal_009,GTZAN,metal/metal.00036.wav,64fd095ebbadbe2f1de1250fe4ed7afbd212cabd1ab008fb5a6b0e2eaa92b6c7,30.0,GTZAN Genre Collection,2002,val,CC-BY-NC-ND / Marsyas Academic Research,GTZAN
gtzan_metal_00037,datasets/processed/gtzan_metal_metal.00037.wav,Metal,Metal,Global / Western,gtzan_proxy_metal_009,GTZAN,metal/metal.00037.wav,c5d3cacbac8ca0215ac399f32de6d709de098b129304b53af334d8c380e425d7,30.0,GTZAN Genre Collection,2002,val,CC-BY-NC-ND / Marsyas Academic Research,GTZAN
gtzan_metal_00068,datasets/processed/gtzan_metal_metal.00068.wav,Metal,Metal,Global / Western,gtzan_proxy_metal_017,GTZAN,metal/metal.00068.wav,2121ce79f7fc89201959209a241bddc514b4c272b8263aedb69490677bea4ef3,30.0,GTZAN Genre Collection,2002,val,CC-BY-NC-ND / Marsyas Academic Research,GTZAN
gtzan_metal_00076,datasets/processed/gtzan_metal_metal.00076.wav,Metal,Metal,Global / Western,gtzan_proxy_metal_019,GTZAN,metal/metal.00076.wav,e196f8236a9f65573cb145bffd8b581c303560a04808dab59d41a8c8218f0eb5,30.0,GTZAN Genre Collection,2002,val,CC-BY-NC-ND / Marsyas Academic Research,GTZAN
gtzan_metal_00077,datasets/processed/gtzan_metal_metal.00077.wav,Metal,Metal,Global / Western,gtzan_proxy_metal_019,GTZAN,metal/metal.00077.wav,db78e3a099e1fb86269ddc3325b94155dba13676dc70947bcf7ccc0dcd6cb75d,30.0,GTZAN Genre Collection,2002,val,CC-BY-NC-ND / Marsyas Academic Research,GTZAN
gtzan_metal_00081,datasets/processed/gtzan_metal_metal.00081.wav,Metal,Metal,Global / Western,gtzan_proxy_metal_020,GTZAN,metal/metal.00081.wav,4949a1bc946d5d4027536c76e8229f7f6d936360728a3705d038af4077a10002,30.0,GTZAN Genre Collection,2002,val,CC-BY-NC-ND / Marsyas Academic Research,GTZAN
gtzan_metal_00082,datasets/processed/gtzan_metal_metal.00082.wav,Metal,Metal,Global / Western,gtzan_proxy_metal_020,GTZAN,metal/metal.00082.wav,db807c245289f59bd8985927f4b008f028d4c6601da4fd020c6ea9a61e7a4259,30.0,GTZAN Genre Collection,2002,val,CC-BY-NC-ND / Marsyas Academic Research,GTZAN
gtzan_pop_00010,datasets/processed/gtzan_pop_pop.00010.wav,Pop,Pop,Global / Western,gtzan_proxy_pop_002,GTZAN,pop/pop.00010.wav,3e854c31f375b67efeedeaf285a48f36df735c5db3bd6639d3ea8bb9ea3bd181,30.0,GTZAN Genre Collection,2002,val,CC-BY-NC-ND / Marsyas Academic Research,GTZAN
gtzan_pop_00053,datasets/processed/gtzan_pop_pop.00053.wav,Pop,Pop,Global / Western,gtzan_proxy_pop_013,GTZAN,pop/pop.00053.wav,6c4ae742c71b7770c901d663d51e135af838655dc1baf216815e913d681339ff,30.0,GTZAN Genre Collection,2002,val,CC-BY-NC-ND / Marsyas Academic Research,GTZAN
gtzan_pop_00055,datasets/processed/gtzan_pop_pop.00055.wav,Pop,Pop,Global / Western,gtzan_proxy_pop_013,GTZAN,pop/pop.00055.wav,7db52dc8fe457591eea69308bf157e9f07b82fb9fdd9ce07229c623ac030967e,30.0,GTZAN Genre Collection,2002,val,CC-BY-NC-ND / Marsyas Academic Research,GTZAN
gtzan_pop_00058,datasets/processed/gtzan_pop_pop.00058.wav,Pop,Pop,Global / Western,gtzan_proxy_pop_014,GTZAN,pop/pop.00058.wav,aca4d11adf02abdae323c47bceb93b38a6d25ca5d95e68724f11cc6d9ccbb26b,30.0,GTZAN Genre Collection,2002,val,CC-BY-NC-ND / Marsyas Academic Research,GTZAN
gtzan_pop_00059,datasets/processed/gtzan_pop_pop.00059.wav,Pop,Pop,Global / Western,gtzan_proxy_pop_014,GTZAN,pop/pop.00059.wav,ee21bec71782de2563bc4f6e8b0399d9b87ba143a7cb835ac50aa574285f20b9,30.0,GTZAN Genre Collection,2002,val,CC-BY-NC-ND / Marsyas Academic Research,GTZAN
gtzan_pop_00060,datasets/processed/gtzan_pop_pop.00060.wav,Pop,Pop,Global / Western,gtzan_proxy_pop_015,GTZAN,pop/pop.00060.wav,a5199c53e9970c58ecf79ce569f65c375bc5db6aff790cda1d6f113808e6f229,30.0,GTZAN Genre Collection,2002,val,CC-BY-NC-ND / Marsyas Academic Research,GTZAN
gtzan_pop_00061,datasets/processed/gtzan_pop_pop.00061.wav,Pop,Pop,Global / Western,gtzan_proxy_pop_015,GTZAN,pop/pop.00061.wav,84b55cce167c5361b20a7114744176fe2bd5267807010de1f0b5097329c5fe6d,30.0,GTZAN Genre Collection,2002,val,CC-BY-NC-ND / Marsyas Academic Research,GTZAN
gtzan_pop_00062,datasets/processed/gtzan_pop_pop.00062.wav,Pop,Pop,Global / Western,gtzan_proxy_pop_015,GTZAN,pop/pop.00062.wav,a98485224bafdb551a151d1b6c271a76ffbaafd3955316b5e36307a77a44109b,30.0,GTZAN Genre Collection,2002,val,CC-BY-NC-ND / Marsyas Academic Research,GTZAN
gtzan_pop_00081,datasets/processed/gtzan_pop_pop.00081.wav,Pop,Pop,Global / Western,gtzan_proxy_pop_020,GTZAN,pop/pop.00081.wav,8e67abb45cb5146f0545666136dd82d9dbf0859fcd18442483165695ca92bf80,30.0,GTZAN Genre Collection,2002,val,CC-BY-NC-ND / Marsyas Academic Research,GTZAN
gtzan_pop_00083,datasets/processed/gtzan_pop_pop.00083.wav,Pop,Pop,Global / Western,gtzan_proxy_pop_020,GTZAN,pop/pop.00083.wav,6d41ddacdd94b5d792e0a329c4c7d126f2e9d57f0b4bca7e1dbf0dbb76f91474,30.0,GTZAN Genre Collection,2002,val,CC-BY-NC-ND / Marsyas Academic Research,GTZAN
gtzan_pop_00084,datasets/processed/gtzan_pop_pop.00084.wav,Pop,Pop,Global / Western,gtzan_proxy_pop_021,GTZAN,pop/pop.00084.wav,9f761a3efae14da39c203baa875973e3de92ab1ae580ec78b4759841875d3a07,30.0,GTZAN Genre Collection,2002,val,CC-BY-NC-ND / Marsyas Academic Research,GTZAN
gtzan_pop_00085,datasets/processed/gtzan_pop_pop.00085.wav,Pop,Pop,Global / Western,gtzan_proxy_pop_021,GTZAN,pop/pop.00085.wav,13a9406fa5f034b012e050b27e54de095503e5569cc2c1ff358bd60a03fd8c08,30.0,GTZAN Genre Collection,2002,val,CC-BY-NC-ND / Marsyas Academic Research,GTZAN
gtzan_pop_00086,datasets/processed/gtzan_pop_pop.00086.wav,Pop,Pop,Global / Western,gtzan_proxy_pop_021,GTZAN,pop/pop.00086.wav,52f76be2381e755bfaefd3140ba6983b1fbd25b808c1ab4717dd2872aba8af4a,30.0,GTZAN Genre Collection,2002,val,CC-BY-NC-ND / Marsyas Academic Research,GTZAN
gtzan_reggae_00061,datasets/processed/gtzan_reggae_reggae.00061.wav,Reggae,Reggae,Global / Western,gtzan_proxy_reggae_015,GTZAN,reggae/reggae.00061.wav,56df97a03456fbf0ac0bb8eb0065bd0e7933ea349830abc51731d6bdf3459e52,30.0,GTZAN Genre Collection,2002,val,CC-BY-NC-ND / Marsyas Academic Research,GTZAN
gtzan_reggae_00062,datasets/processed/gtzan_reggae_reggae.00062.wav,Reggae,Reggae,Global / Western,gtzan_proxy_reggae_015,GTZAN,reggae/reggae.00062.wav,1efd152a8ceeca1b72df61d6362f06077a0b85289962392c88c7e1b592a59993,30.0,GTZAN Genre Collection,2002,val,CC-BY-NC-ND / Marsyas Academic Research,GTZAN
gtzan_reggae_00070,datasets/processed/gtzan_reggae_reggae.00070.wav,Reggae,Reggae,Global / Western,gtzan_proxy_reggae_017,GTZAN,reggae/reggae.00070.wav,a1baa548d8597616a81374ef6d68f2dbdbd3ceaf2afc20c85ac6784ea34f3668,30.0,GTZAN Genre Collection,2002,val,CC-BY-NC-ND / Marsyas Academic Research,GTZAN
gtzan_reggae_00072,datasets/processed/gtzan_reggae_reggae.00072.wav,Reggae,Reggae,Global / Western,gtzan_proxy_reggae_018,GTZAN,reggae/reggae.00072.wav,e90d66c005a1cfd7e4bf3e30ba4b7803d86f2f98421836803a36ac86707618c5,30.0,GTZAN Genre Collection,2002,val,CC-BY-NC-ND / Marsyas Academic Research,GTZAN
gtzan_reggae_00074,datasets/processed/gtzan_reggae_reggae.00074.wav,Reggae,Reggae,Global / Western,gtzan_proxy_reggae_018,GTZAN,reggae/reggae.00074.wav,3ca12ac591c575223e81cab5c57640eee17bc781a84ae47845af1ccad3111cbd,30.0,GTZAN Genre Collection,2002,val,CC-BY-NC-ND / Marsyas Academic Research,GTZAN
gtzan_reggae_00076,datasets/processed/gtzan_reggae_reggae.00076.wav,Reggae,Reggae,Global / Western,gtzan_proxy_reggae_019,GTZAN,reggae/reggae.00076.wav,a0e86fbf12e7ae6d523a72c53dc2c2831e10b02d4ecfcb280295a2bec685a1ca,30.0,GTZAN Genre Collection,2002,val,CC-BY-NC-ND / Marsyas Academic Research,GTZAN
gtzan_reggae_00077,datasets/processed/gtzan_reggae_reggae.00077.wav,Reggae,Reggae,Global / Western,gtzan_proxy_reggae_019,GTZAN,reggae/reggae.00077.wav,8fe08a6bf6a0bd6cb56a33dc1018abb62e55617645446cd65a719963689155ea,30.0,GTZAN Genre Collection,2002,val,CC-BY-NC-ND / Marsyas Academic Research,GTZAN
gtzan_reggae_00078,datasets/processed/gtzan_reggae_reggae.00078.wav,Reggae,Reggae,Global / Western,gtzan_proxy_reggae_019,GTZAN,reggae/reggae.00078.wav,402139132cd5d48a655eec690d9d940b5bed9975303c82f95deaa9f8b356aaac,30.0,GTZAN Genre Collection,2002,val,CC-BY-NC-ND / Marsyas Academic Research,GTZAN
gtzan_reggae_00085,datasets/processed/gtzan_reggae_reggae.00085.wav,Reggae,Reggae,Global / Western,gtzan_proxy_reggae_021,GTZAN,reggae/reggae.00085.wav,de77f6752f68a47d79d434b9f44f76982095052b30fdade35ad28990caf67ba4,30.0,GTZAN Genre Collection,2002,val,CC-BY-NC-ND / Marsyas Academic Research,GTZAN
gtzan_reggae_00092,datasets/processed/gtzan_reggae_reggae.00092.wav,Reggae,Reggae,Global / Western,gtzan_proxy_reggae_023,GTZAN,reggae/reggae.00092.wav,76ad97d9d9b8e382b76a0a94d0f80c89d90251d3743281f275ae05b7f3695897,30.0,GTZAN Genre Collection,2002,val,CC-BY-NC-ND / Marsyas Academic Research,GTZAN
gtzan_reggae_00093,datasets/processed/gtzan_reggae_reggae.00093.wav,Reggae,Reggae,Global / Western,gtzan_proxy_reggae_023,GTZAN,reggae/reggae.00093.wav,644744fdf3c01ad9630ab0147c9495c80d14c076a887efef9b1e42d3eae1a555,30.0,GTZAN Genre Collection,2002,val,CC-BY-NC-ND / Marsyas Academic Research,GTZAN
gtzan_reggae_00094,datasets/processed/gtzan_reggae_reggae.00094.wav,Reggae,Reggae,Global / Western,gtzan_proxy_reggae_023,GTZAN,reggae/reggae.00094.wav,b69f923c39af873705f877e2c6e2b2a029aaba8a5d401c135e53ff35231944bc,30.0,GTZAN Genre Collection,2002,val,CC-BY-NC-ND / Marsyas Academic Research,GTZAN
gtzan_reggae_00095,datasets/processed/gtzan_reggae_reggae.00095.wav,Reggae,Reggae,Global / Western,gtzan_proxy_reggae_023,GTZAN,reggae/reggae.00095.wav,3104a065f463970bc22e7736711705deaa04e1e145779c13ee48aa88a07df920,30.0,GTZAN Genre Collection,2002,val,CC-BY-NC-ND / Marsyas Academic Research,GTZAN
gtzan_reggae_00096,datasets/processed/gtzan_reggae_reggae.00096.wav,Reggae,Reggae,Global / Western,gtzan_proxy_reggae_024,GTZAN,reggae/reggae.00096.wav,a5ba3c34dca69fa1448e351221b45b841a99cff22bb5a8431f95dcf63d7e8b66,30.0,GTZAN Genre Collection,2002,val,CC-BY-NC-ND / Marsyas Academic Research,GTZAN
gtzan_reggae_00097,datasets/processed/gtzan_reggae_reggae.00097.wav,Reggae,Reggae,Global / Western,gtzan_proxy_reggae_024,GTZAN,reggae/reggae.00097.wav,a702b14e3b6a06f2e389c3647b93c10b7a9413428dfbf11f7fd0301ff38f2bbb,30.0,GTZAN Genre Collection,2002,val,CC-BY-NC-ND / Marsyas Academic Research,GTZAN
gtzan_reggae_00098,datasets/processed/gtzan_reggae_reggae.00098.wav,Reggae,Reggae,Global / Western,gtzan_proxy_reggae_024,GTZAN,reggae/reggae.00098.wav,5582d27e95c1c152feea9521688a48cceeae72bd53e2b14648ec5e2f6494de29,30.0,GTZAN Genre Collection,2002,val,CC-BY-NC-ND / Marsyas Academic Research,GTZAN
gtzan_reggae_00099,datasets/processed/gtzan_reggae_reggae.00099.wav,Reggae,Reggae,Global / Western,gtzan_proxy_reggae_024,GTZAN,reggae/reggae.00099.wav,aab986f510a3e26ca1d9387d1392290708d7ee861efee90c874c03dd19ea2b18,30.0,GTZAN Genre Collection,2002,val,CC-BY-NC-ND / Marsyas Academic Research,GTZAN
gtzan_rock_00038,datasets/processed/gtzan_rock_rock.00038.wav,Rock,Rock,Global / Western,gtzan_proxy_rock_009,GTZAN,rock/rock.00038.wav,28de579ba14032b6713fb9ee391c5e2073d3b2c9d1035592f72b7981e78a548b,30.0,GTZAN Genre Collection,2002,val,CC-BY-NC-ND / Marsyas Academic Research,GTZAN
gtzan_rock_00049,datasets/processed/gtzan_rock_rock.00049.wav,Rock,Rock,Global / Western,gtzan_proxy_rock_012,GTZAN,rock/rock.00049.wav,fb6c575c064f3570444c38506605b1577cbdad7e3e143adf623d67b1eecdb859,30.01,GTZAN Genre Collection,2002,val,CC-BY-NC-ND / Marsyas Academic Research,GTZAN
gtzan_rock_00050,datasets/processed/gtzan_rock_rock.00050.wav,Rock,Rock,Global / Western,gtzan_proxy_rock_012,GTZAN,rock/rock.00050.wav,ac273831f0c15173f961edd89025ee43b1c9725c609e7fd06e83614a318ef03d,30.01,GTZAN Genre Collection,2002,val,CC-BY-NC-ND / Marsyas Academic Research,GTZAN
gtzan_rock_00051,datasets/processed/gtzan_rock_rock.00051.wav,Rock,Rock,Global / Western,gtzan_proxy_rock_012,GTZAN,rock/rock.00051.wav,4fc6f47743e843c3055141868f6ced61e34a99d4c2c806fa2df0f8e1d24d1476,30.01,GTZAN Genre Collection,2002,val,CC-BY-NC-ND / Marsyas Academic Research,GTZAN
gtzan_rock_00052,datasets/processed/gtzan_rock_rock.00052.wav,Rock,Rock,Global / Western,gtzan_proxy_rock_013,GTZAN,rock/rock.00052.wav,f898565cee3f8bdfdc86768a18dc161d8fb3caab19f526b1270c02b1bcc09529,30.01,GTZAN Genre Collection,2002,val,CC-BY-NC-ND / Marsyas Academic Research,GTZAN
gtzan_rock_00053,datasets/processed/gtzan_rock_rock.00053.wav,Rock,Rock,Global / Western,gtzan_proxy_rock_013,GTZAN,rock/rock.00053.wav,bac4f84938721efcb1cb050b04e5ee81750422a0fbdbe0ace59f0fb443f9b5a0,30.01,GTZAN Genre Collection,2002,val,CC-BY-NC-ND / Marsyas Academic Research,GTZAN
gtzan_rock_00054,datasets/processed/gtzan_rock_rock.00054.wav,Rock,Rock,Global / Western,gtzan_proxy_rock_013,GTZAN,rock/rock.00054.wav,e468866988aff2837741fbe20fce1adfd4a66beb4ac5106b82acde1f94a1e9ee,30.01,GTZAN Genre Collection,2002,val,CC-BY-NC-ND / Marsyas Academic Research,GTZAN
gtzan_rock_00055,datasets/processed/gtzan_rock_rock.00055.wav,Rock,Rock,Global / Western,gtzan_proxy_rock_013,GTZAN,rock/rock.00055.wav,20ffcc5f8bcef82487f27106c3459d6064e34555aa705eff69aac141b20ec36d,30.01,GTZAN Genre Collection,2002,val,CC-BY-NC-ND / Marsyas Academic Research,GTZAN
gtzan_rock_00056,datasets/processed/gtzan_rock_rock.00056.wav,Rock,Rock,Global / Western,gtzan_proxy_rock_014,GTZAN,rock/rock.00056.wav,ab71b278400eb0a4f5c2281c1db987a3d4f55e25ab64f3f5b53e84918bef705f,30.01,GTZAN Genre Collection,2002,val,CC-BY-NC-ND / Marsyas Academic Research,GTZAN
gtzan_rock_00071,datasets/processed/gtzan_rock_rock.00071.wav,Rock,Rock,Global / Western,gtzan_proxy_rock_017,GTZAN,rock/rock.00071.wav,8b27a40dea225d79798c50735f1a3605f5349ce5a0e2142a7edd00681775c45b,30.01,GTZAN Genre Collection,2002,val,CC-BY-NC-ND / Marsyas Academic Research,GTZAN
gtzan_rock_00072,datasets/processed/gtzan_rock_rock.00072.wav,Rock,Rock,Global / Western,gtzan_proxy_rock_018,GTZAN,rock/rock.00072.wav,cd717d0e12fad715926c73ddd09aa3489ad47655c9c8565b38521bbdce335e21,30.01,GTZAN Genre Collection,2002,val,CC-BY-NC-ND / Marsyas Academic Research,GTZAN
gtzan_rock_00073,datasets/processed/gtzan_rock_rock.00073.wav,Rock,Rock,Global / Western,gtzan_proxy_rock_018,GTZAN,rock/rock.00073.wav,c410cc889c75a513b6c8c58adc4fe84ca93ef7d84120f24bbc63f085d6ce1766,30.01,GTZAN Genre Collection,2002,val,CC-BY-NC-ND / Marsyas Academic Research,GTZAN
gtzan_rock_00074,datasets/processed/gtzan_rock_rock.00074.wav,Rock,Rock,Global / Western,gtzan_proxy_rock_018,GTZAN,rock/rock.00074.wav,0f7e56b11535d3956fe78d7ce2ef0a262d6b832d3123874a73bf54c92cde431b,30.01,GTZAN Genre Collection,2002,val,CC-BY-NC-ND / Marsyas Academic Research,GTZAN
gtzan_rock_00075,datasets/processed/gtzan_rock_rock.00075.wav,Rock,Rock,Global / Western,gtzan_proxy_rock_018,GTZAN,rock/rock.00075.wav,eacbdcfed14701a62d8826e351c109bd02a195ec1cb83c4403e94a2ee4a52b79,30.01,GTZAN Genre Collection,2002,val,CC-BY-NC-ND / Marsyas Academic Research,GTZAN
gtzan_rock_00076,datasets/processed/gtzan_rock_rock.00076.wav,Rock,Rock,Global / Western,gtzan_proxy_rock_019,GTZAN,rock/rock.00076.wav,f2e58d24a1e82f48e766c29b5d306f8f70071b6ebe9ad5582fa118d814dd9072,30.01,GTZAN Genre Collection,2002,val,CC-BY-NC-ND / Marsyas Academic Research,GTZAN
gtzan_rock_00077,datasets/processed/gtzan_rock_rock.00077.wav,Rock,Rock,Global / Western,gtzan_proxy_rock_019,GTZAN,rock/rock.00077.wav,90b0b08b5ad428f343da5725ef899c4c33a07a3257363f8a0944fb6c37663f78,30.01,GTZAN Genre Collection,2002,val,CC-BY-NC-ND / Marsyas Academic Research,GTZAN
gtzan_rock_00078,datasets/processed/gtzan_rock_rock.00078.wav,Rock,Rock,Global / Western,gtzan_proxy_rock_019,GTZAN,rock/rock.00078.wav,54aa1b7872b5526a2610df4a64db62f8002f88977fbc4489bd087bb2d434cba7,30.01,GTZAN Genre Collection,2002,val,CC-BY-NC-ND / Marsyas Academic Research,GTZAN
gtzan_rock_00079,datasets/processed/gtzan_rock_rock.00079.wav,Rock,Rock,Global / Western,gtzan_proxy_rock_019,GTZAN,rock/rock.00079.wav,d8c82266738154155bd8b83a8251cad714dac84585ab86024a9d6a1f8cb7bf44,30.01,GTZAN Genre Collection,2002,val,CC-BY-NC-ND / Marsyas Academic Research,GTZAN
gtzan_rock_00080,datasets/processed/gtzan_rock_rock.00080.wav,Rock,Rock,Global / Western,gtzan_proxy_rock_020,GTZAN,rock/rock.00080.wav,3ae8915d78ad1a19a3d5ddfa7fe5a02e9718ef731f6f16c8b9f3457c544e444e,30.01,GTZAN Genre Collection,2002,val,CC-BY-NC-ND / Marsyas Academic Research,GTZAN
gtzan_rock_00081,datasets/processed/gtzan_rock_rock.00081.wav,Rock,Rock,Global / Western,gtzan_proxy_rock_020,GTZAN,rock/rock.00081.wav,802cb4e4fa061c61de90c72e9e7359b6915e62050c7c78990b6b06240cd8a9a2,30.01,GTZAN Genre Collection,2002,val,CC-BY-NC-ND / Marsyas Academic Research,GTZAN
gtzan_rock_00082,datasets/processed/gtzan_rock_rock.00082.wav,Rock,Rock,Global / Western,gtzan_proxy_rock_020,GTZAN,rock/rock.00082.wav,c3dadb4fe887a1352e54737360b7c65a02100d3db7964a93f60ebd4171548856,30.01,GTZAN Genre Collection,2002,val,CC-BY-NC-ND / Marsyas Academic Research,GTZAN
gtzan_rock_00083,datasets/processed/gtzan_rock_rock.00083.wav,Rock,Rock,Global / Western,gtzan_proxy_rock_020,GTZAN,rock/rock.00083.wav,479aae464b57886ec8e26c5d493b847c3ec5b4d75f1b779b54fbe806d2f7c12e,30.01,GTZAN Genre Collection,2002,val,CC-BY-NC-ND / Marsyas Academic Research,GTZAN
gtzan_rock_00084,datasets/processed/gtzan_rock_rock.00084.wav,Rock,Rock,Global / Western,gtzan_proxy_rock_021,GTZAN,rock/rock.00084.wav,ef829873022f30e3517dd1fcb819951ef13720545e4a8411a5198bb061149534,30.01,GTZAN Genre Collection,2002,val,CC-BY-NC-ND / Marsyas Academic Research,GTZAN
gtzan_rock_00085,datasets/processed/gtzan_rock_rock.00085.wav,Rock,Rock,Global / Western,gtzan_proxy_rock_021,GTZAN,rock/rock.00085.wav,f754a7d1b9987bcf8fd9dee027ff2dc3cdf96e08da5f74b7a7a957345c578322,30.01,GTZAN Genre Collection,2002,val,CC-BY-NC-ND / Marsyas Academic Research,GTZAN
gtzan_blues_00012,datasets/processed/gtzan_blues_blues.00012.wav,Blues,Blues,Global / Western,gtzan_proxy_blues_003,GTZAN,blues/blues.00012.wav,8930d8d339ac2f186512f6611f3301f8c4f2ce0f1149d7f175da453474937ac8,30.01,GTZAN Genre Collection,2002,test,CC-BY-NC-ND / Marsyas Academic Research,GTZAN
gtzan_blues_00013,datasets/processed/gtzan_blues_blues.00013.wav,Blues,Blues,Global / Western,gtzan_proxy_blues_003,GTZAN,blues/blues.00013.wav,98cba274da4e4c92c6350b206d12ec8be7f36e6656f6f75a9f95e56ca98bfc67,30.01,GTZAN Genre Collection,2002,test,CC-BY-NC-ND / Marsyas Academic Research,GTZAN
gtzan_blues_00014,datasets/processed/gtzan_blues_blues.00014.wav,Blues,Blues,Global / Western,gtzan_proxy_blues_003,GTZAN,blues/blues.00014.wav,8dd94b5443927e8d1c8b8049ced9b403ed6491c950f5a7d4f4de29e271d821b6,30.01,GTZAN Genre Collection,2002,test,CC-BY-NC-ND / Marsyas Academic Research,GTZAN
gtzan_blues_00015,datasets/processed/gtzan_blues_blues.00015.wav,Blues,Blues,Global / Western,gtzan_proxy_blues_003,GTZAN,blues/blues.00015.wav,a1079a3b2e2edc0f489776f624e07c859fab714c1ace4bdee92eaa8ef593613c,30.01,GTZAN Genre Collection,2002,test,CC-BY-NC-ND / Marsyas Academic Research,GTZAN
gtzan_blues_00016,datasets/processed/gtzan_blues_blues.00016.wav,Blues,Blues,Global / Western,gtzan_proxy_blues_004,GTZAN,blues/blues.00016.wav,0611c2a0309a4dc3728fc0b0ff73fcce56af6699701a7f4ee3873813d4f3890b,30.01,GTZAN Genre Collection,2002,test,CC-BY-NC-ND / Marsyas Academic Research,GTZAN
gtzan_blues_00017,datasets/processed/gtzan_blues_blues.00017.wav,Blues,Blues,Global / Western,gtzan_proxy_blues_004,GTZAN,blues/blues.00017.wav,ab502992b2becd0699a8871dfe86478077f6f05c4c40fbd1a2b9184b848b09d5,30.01,GTZAN Genre Collection,2002,test,CC-BY-NC-ND / Marsyas Academic Research,GTZAN
gtzan_blues_00018,datasets/processed/gtzan_blues_blues.00018.wav,Blues,Blues,Global / Western,gtzan_proxy_blues_004,GTZAN,blues/blues.00018.wav,a5c4af1cc29b5eb97e5551bb02006413d9da87319c9f6fc8c2e5fd736b6c4c88,30.01,GTZAN Genre Collection,2002,test,CC-BY-NC-ND / Marsyas Academic Research,GTZAN
gtzan_blues_00019,datasets/processed/gtzan_blues_blues.00019.wav,Blues,Blues,Global / Western,gtzan_proxy_blues_004,GTZAN,blues/blues.00019.wav,2506d33227b23c699ff11969e372b46970c623821edb1d0c14e6966bdc92126e,30.01,GTZAN Genre Collection,2002,test,CC-BY-NC-ND / Marsyas Academic Research,GTZAN
gtzan_blues_00020,datasets/processed/gtzan_blues_blues.00020.wav,Blues,Blues,Global / Western,gtzan_proxy_blues_005,GTZAN,blues/blues.00020.wav,44255926275baa67faa6c9f1f3bfb18ef513b80c2dfb7a2c1bf4cb4ff602e7d2,30.01,GTZAN Genre Collection,2002,test,CC-BY-NC-ND / Marsyas Academic Research,GTZAN
gtzan_blues_00021,datasets/processed/gtzan_blues_blues.00021.wav,Blues,Blues,Global / Western,gtzan_proxy_blues_005,GTZAN,blues/blues.00021.wav,a4fa5692dabc2a48d77b6a40eba1f46cea8b2c5b7e6e9f1e04d0ff85484af49d,30.01,GTZAN Genre Collection,2002,test,CC-BY-NC-ND / Marsyas Academic Research,GTZAN
gtzan_blues_00022,datasets/processed/gtzan_blues_blues.00022.wav,Blues,Blues,Global / Western,gtzan_proxy_blues_005,GTZAN,blues/blues.00022.wav,b43b4021eba41c1d52c8212a2836253b8cbc545b6a21d9fffe43f6cc72427757,30.01,GTZAN Genre Collection,2002,test,CC-BY-NC-ND / Marsyas Academic Research,GTZAN
gtzan_blues_00023,datasets/processed/gtzan_blues_blues.00023.wav,Blues,Blues,Global / Western,gtzan_proxy_blues_005,GTZAN,blues/blues.00023.wav,b50981c232869e333c6ceaaa5eba2545c55c220e38e40eb687854b075f396304,30.01,GTZAN Genre Collection,2002,test,CC-BY-NC-ND / Marsyas Academic Research,GTZAN
gtzan_blues_00024,datasets/processed/gtzan_blues_blues.00024.wav,Blues,Blues,Global / Western,gtzan_proxy_blues_006,GTZAN,blues/blues.00024.wav,2e3e2ab0174f76caac899e74241838928a68ded16c45243ca3644cf480019c3c,30.01,GTZAN Genre Collection,2002,test,CC-BY-NC-ND / Marsyas Academic Research,GTZAN
gtzan_blues_00025,datasets/processed/gtzan_blues_blues.00025.wav,Blues,Blues,Global / Western,gtzan_proxy_blues_006,GTZAN,blues/blues.00025.wav,be62c9024867ec4c8b52e14368c2d67fe90cd7dbd2e459912a9ae313aeb5928c,30.01,GTZAN Genre Collection,2002,test,CC-BY-NC-ND / Marsyas Academic Research,GTZAN
gtzan_blues_00026,datasets/processed/gtzan_blues_blues.00026.wav,Blues,Blues,Global / Western,gtzan_proxy_blues_006,GTZAN,blues/blues.00026.wav,c186a94a5948aff05dd42c16f791ce27fb89046a5ca14e538e803c2a49fa4573,30.01,GTZAN Genre Collection,2002,test,CC-BY-NC-ND / Marsyas Academic Research,GTZAN
gtzan_blues_00027,datasets/processed/gtzan_blues_blues.00027.wav,Blues,Blues,Global / Western,gtzan_proxy_blues_006,GTZAN,blues/blues.00027.wav,75921df627a4f10422efcaa277505aa16f069e89c1c9a7a5400af3ced9dc36e7,30.01,GTZAN Genre Collection,2002,test,CC-BY-NC-ND / Marsyas Academic Research,GTZAN
gtzan_blues_00028,datasets/processed/gtzan_blues_blues.00028.wav,Blues,Blues,Global / Western,gtzan_proxy_blues_007,GTZAN,blues/blues.00028.wav,0102c7e897e7efb9c0f67b369e6e4f893118e5ea939e34702df09f540a997c26,30.01,GTZAN Genre Collection,2002,test,CC-BY-NC-ND / Marsyas Academic Research,GTZAN
gtzan_blues_00061,datasets/processed/gtzan_blues_blues.00061.wav,Blues,Blues,Global / Western,gtzan_proxy_blues_015,GTZAN,blues/blues.00061.wav,1a226c01b843ee6950dc0be4fa4215932a397e0009f0a66f86a1ea21a4a0f596,30.01,GTZAN Genre Collection,2002,test,CC-BY-NC-ND / Marsyas Academic Research,GTZAN
gtzan_blues_00062,datasets/processed/gtzan_blues_blues.00062.wav,Blues,Blues,Global / Western,gtzan_proxy_blues_015,GTZAN,blues/blues.00062.wav,b7a1effd8ac7ca6afd88b2bbe4346c54c13330280447e08145594d8d2919ec34,30.01,GTZAN Genre Collection,2002,test,CC-BY-NC-ND / Marsyas Academic Research,GTZAN
gtzan_blues_00063,datasets/processed/gtzan_blues_blues.00063.wav,Blues,Blues,Global / Western,gtzan_proxy_blues_015,GTZAN,blues/blues.00063.wav,93c89a025bd225cb5d5d636ccb7d5de624e3e1975c2dde6ef3063f2c23936a7e,30.01,GTZAN Genre Collection,2002,test,CC-BY-NC-ND / Marsyas Academic Research,GTZAN
gtzan_blues_00064,datasets/processed/gtzan_blues_blues.00064.wav,Blues,Blues,Global / Western,gtzan_proxy_blues_016,GTZAN,blues/blues.00064.wav,de7972357747b6c3a9be731a19c5d79d3b407742e8f82d607ea752553a86fc8a,30.01,GTZAN Genre Collection,2002,test,CC-BY-NC-ND / Marsyas Academic Research,GTZAN
gtzan_blues_00065,datasets/processed/gtzan_blues_blues.00065.wav,Blues,Blues,Global / Western,gtzan_proxy_blues_016,GTZAN,blues/blues.00065.wav,31fe7816190e0bf1a5eeaa498897d79318650338a6089db320bbfcdc83aeca2c,30.01,GTZAN Genre Collection,2002,test,CC-BY-NC-ND / Marsyas Academic Research,GTZAN
gtzan_blues_00066,datasets/processed/gtzan_blues_blues.00066.wav,Blues,Blues,Global / Western,gtzan_proxy_blues_016,GTZAN,blues/blues.00066.wav,92ba45bd509e9579e00ae113c8c1bbd2aded2230459a19aad2105066669cb16d,30.01,GTZAN Genre Collection,2002,test,CC-BY-NC-ND / Marsyas Academic Research,GTZAN
gtzan_blues_00067,datasets/processed/gtzan_blues_blues.00067.wav,Blues,Blues,Global / Western,gtzan_proxy_blues_016,GTZAN,blues/blues.00067.wav,b6266e78ce96ed3a9d09c0b310a8ad04a658941518d12f172a351fb79bc8fdbf,30.01,GTZAN Genre Collection,2002,test,CC-BY-NC-ND / Marsyas Academic Research,GTZAN
gtzan_blues_00068,datasets/processed/gtzan_blues_blues.00068.wav,Blues,Blues,Global / Western,gtzan_proxy_blues_017,GTZAN,blues/blues.00068.wav,a4a56194430d8f2d6b2f09d7c87a272af45abf92e33e72dcae7dfc8b1a5c69e0,30.01,GTZAN Genre Collection,2002,test,CC-BY-NC-ND / Marsyas Academic Research,GTZAN
gtzan_blues_00069,datasets/processed/gtzan_blues_blues.00069.wav,Blues,Blues,Global / Western,gtzan_proxy_blues_017,GTZAN,blues/blues.00069.wav,68c1f77a036c822f472b0059326e1537451f4aa2be252f008be00a97b17ba9dc,30.01,GTZAN Genre Collection,2002,test,CC-BY-NC-ND / Marsyas Academic Research,GTZAN
gtzan_blues_00070,datasets/processed/gtzan_blues_blues.00070.wav,Blues,Blues,Global / Western,gtzan_proxy_blues_017,GTZAN,blues/blues.00070.wav,942bf35f51a1cfb2c2a7443c07ec73550c157fce3f3ad12ceeabd4302dd23862,30.01,GTZAN Genre Collection,2002,test,CC-BY-NC-ND / Marsyas Academic Research,GTZAN
gtzan_blues_00071,datasets/processed/gtzan_blues_blues.00071.wav,Blues,Blues,Global / Western,gtzan_proxy_blues_017,GTZAN,blues/blues.00071.wav,814fb586403fe81b3f2ca7308d57696da52e372106a2dbbe7f69da9aef3e9b1e,30.01,GTZAN Genre Collection,2002,test,CC-BY-NC-ND / Marsyas Academic Research,GTZAN
gtzan_blues_00072,datasets/processed/gtzan_blues_blues.00072.wav,Blues,Blues,Global / Western,gtzan_proxy_blues_018,GTZAN,blues/blues.00072.wav,39e9ceff84a513294ab9f63ce6d1ee22be0abb19cc6eb432238541b72a4b8c00,30.01,GTZAN Genre Collection,2002,test,CC-BY-NC-ND / Marsyas Academic Research,GTZAN
gtzan_blues_00098,datasets/processed/gtzan_blues_blues.00098.wav,Blues,Blues,Global / Western,gtzan_proxy_blues_024,GTZAN,blues/blues.00098.wav,6b080e28a451ee00f02365bdc6ee3601a912394cc1550e9bb04765c258c53834,30.01,GTZAN Genre Collection,2002,test,CC-BY-NC-ND / Marsyas Academic Research,GTZAN
gtzan_blues_00099,datasets/processed/gtzan_blues_blues.00099.wav,Blues,Blues,Global / Western,gtzan_proxy_blues_024,GTZAN,blues/blues.00099.wav,163123400c9060301286d7eb6fe0734b702060d7add3389f57eb4b5da7271e38,30.01,GTZAN Genre Collection,2002,test,CC-BY-NC-ND / Marsyas Academic Research,GTZAN
gtzan_classical_00011,datasets/processed/gtzan_classical_classical.00011.wav,Classical,Classical,Global / Western,gtzan_proxy_classical_002,GTZAN,classical/classical.00011.wav,fe88c13f09988d4dbbf0b523c9e63bd1744ce21cb990a3342a20d5b30a842394,30.01,GTZAN Genre Collection,2002,test,CC-BY-NC-ND / Marsyas Academic Research,GTZAN
gtzan_classical_00012,datasets/processed/gtzan_classical_classical.00012.wav,Classical,Classical,Global / Western,gtzan_proxy_classical_003,GTZAN,classical/classical.00012.wav,198dff16c81ed53eb9fbe25eb04559324e9ea04abf65b64503570ab60929b32d,30.01,GTZAN Genre Collection,2002,test,CC-BY-NC-ND / Marsyas Academic Research,GTZAN
gtzan_classical_00013,datasets/processed/gtzan_classical_classical.00013.wav,Classical,Classical,Global / Western,gtzan_proxy_classical_003,GTZAN,classical/classical.00013.wav,3ee7465abbbc54b43315592a71bd9bc68c2b8caaed614340f0e914be3cefb348,30.01,GTZAN Genre Collection,2002,test,CC-BY-NC-ND / Marsyas Academic Research,GTZAN
gtzan_classical_00014,datasets/processed/gtzan_classical_classical.00014.wav,Classical,Classical,Global / Western,gtzan_proxy_classical_003,GTZAN,classical/classical.00014.wav,6e5ce454bd7a4104d9a5371c11c41b8717673c3eae30848562fc9dfedd3c87f7,30.01,GTZAN Genre Collection,2002,test,CC-BY-NC-ND / Marsyas Academic Research,GTZAN
gtzan_classical_00015,datasets/processed/gtzan_classical_classical.00015.wav,Classical,Classical,Global / Western,gtzan_proxy_classical_003,GTZAN,classical/classical.00015.wav,b0a45ccd91905b4cf87bb277701ba2811db4ce60c95a850a5e3fad6533243b5b,30.01,GTZAN Genre Collection,2002,test,CC-BY-NC-ND / Marsyas Academic Research,GTZAN
gtzan_classical_00016,datasets/processed/gtzan_classical_classical.00016.wav,Classical,Classical,Global / Western,gtzan_proxy_classical_004,GTZAN,classical/classical.00016.wav,b90bde201bcb79ff8cb44ab5d49a72c4140cd931ca3af9523a8483b34538b444,30.01,GTZAN Genre Collection,2002,test,CC-BY-NC-ND / Marsyas Academic Research,GTZAN
gtzan_classical_00017,datasets/processed/gtzan_classical_classical.00017.wav,Classical,Classical,Global / Western,gtzan_proxy_classical_004,GTZAN,classical/classical.00017.wav,7ca769952b1defa483aa17270d13e203d9e285cd93baac85d9c368d6964f67cf,30.01,GTZAN Genre Collection,2002,test,CC-BY-NC-ND / Marsyas Academic Research,GTZAN
gtzan_classical_00018,datasets/processed/gtzan_classical_classical.00018.wav,Classical,Classical,Global / Western,gtzan_proxy_classical_004,GTZAN,classical/classical.00018.wav,04589dbba478d03e1e0b9bbf807a15640e2d0a39d090c1d0feadc727625a960b,30.01,GTZAN Genre Collection,2002,test,CC-BY-NC-ND / Marsyas Academic Research,GTZAN
gtzan_classical_00019,datasets/processed/gtzan_classical_classical.00019.wav,Classical,Classical,Global / Western,gtzan_proxy_classical_004,GTZAN,classical/classical.00019.wav,ce899d3d0cb4e000bbdabf2b87862b9fb70bb69fcfbde03590219cb1cf39bdf3,30.01,GTZAN Genre Collection,2002,test,CC-BY-NC-ND / Marsyas Academic Research,GTZAN
gtzan_classical_00020,datasets/processed/gtzan_classical_classical.00020.wav,Classical,Classical,Global / Western,gtzan_proxy_classical_005,GTZAN,classical/classical.00020.wav,79b2bf332b41db1c2c268eab1b4c623b8e44d63938a6703b349055d36be6ace0,30.01,GTZAN Genre Collection,2002,test,CC-BY-NC-ND / Marsyas Academic Research,GTZAN
gtzan_classical_00021,datasets/processed/gtzan_classical_classical.00021.wav,Classical,Classical,Global / Western,gtzan_proxy_classical_005,GTZAN,classical/classical.00021.wav,ca97f6e1ccd0e63ddf07d1cdbfd5193448763d67c2a94bdd9c3df3d8e010c086,30.01,GTZAN Genre Collection,2002,test,CC-BY-NC-ND / Marsyas Academic Research,GTZAN
gtzan_classical_00022,datasets/processed/gtzan_classical_classical.00022.wav,Classical,Classical,Global / Western,gtzan_proxy_classical_005,GTZAN,classical/classical.00022.wav,f89c892b546e05a6b291d1b4e84e63f03bd54e9924552f06c522ede7a45e5c64,30.01,GTZAN Genre Collection,2002,test,CC-BY-NC-ND / Marsyas Academic Research,GTZAN
gtzan_classical_00023,datasets/processed/gtzan_classical_classical.00023.wav,Classical,Classical,Global / Western,gtzan_proxy_classical_005,GTZAN,classical/classical.00023.wav,749da7fc68cc2385cfc5b11e54118d1d74a242c9b564b7f8922f1c1ae4604711,30.01,GTZAN Genre Collection,2002,test,CC-BY-NC-ND / Marsyas Academic Research,GTZAN
gtzan_classical_00024,datasets/processed/gtzan_classical_classical.00024.wav,Classical,Classical,Global / Western,gtzan_proxy_classical_006,GTZAN,classical/classical.00024.wav,f2c17304ed38111eee90589a9a449c001c8e2169891db8d8d4cd8a572aa86282,30.01,GTZAN Genre Collection,2002,test,CC-BY-NC-ND / Marsyas Academic Research,GTZAN
gtzan_classical_00025,datasets/processed/gtzan_classical_classical.00025.wav,Classical,Classical,Global / Western,gtzan_proxy_classical_006,GTZAN,classical/classical.00025.wav,3fde07ee27bebb26e96e67dfc103f6803856767750844f13c6e91928abcd92b2,30.01,GTZAN Genre Collection,2002,test,CC-BY-NC-ND / Marsyas Academic Research,GTZAN
gtzan_classical_00026,datasets/processed/gtzan_classical_classical.00026.wav,Classical,Classical,Global / Western,gtzan_proxy_classical_006,GTZAN,classical/classical.00026.wav,efc7ef8e641c63c168a93a52e69a9bee76b495e86249112761469837c244974d,30.01,GTZAN Genre Collection,2002,test,CC-BY-NC-ND / Marsyas Academic Research,GTZAN
gtzan_classical_00027,datasets/processed/gtzan_classical_classical.00027.wav,Classical,Classical,Global / Western,gtzan_proxy_classical_006,GTZAN,classical/classical.00027.wav,e881cb9c953c2d34ccc040b74d2ef5269dbe29deb777e2a930551ba6d154a08b,30.01,GTZAN Genre Collection,2002,test,CC-BY-NC-ND / Marsyas Academic Research,GTZAN
gtzan_classical_00028,datasets/processed/gtzan_classical_classical.00028.wav,Classical,Classical,Global / Western,gtzan_proxy_classical_007,GTZAN,classical/classical.00028.wav,21828d16675ec61139c0f6a0e0ef1b807dc6cacf3470fe8e2c5ac577af0ecb22,30.01,GTZAN Genre Collection,2002,test,CC-BY-NC-ND / Marsyas Academic Research,GTZAN
gtzan_classical_00029,datasets/processed/gtzan_classical_classical.00029.wav,Classical,Classical,Global / Western,gtzan_proxy_classical_007,GTZAN,classical/classical.00029.wav,93dc9fe9c2947faa286c554245ff64b2fec42ab5c7fe318108d14faf845c5cd2,30.01,GTZAN Genre Collection,2002,test,CC-BY-NC-ND / Marsyas Academic Research,GTZAN
gtzan_classical_00034,datasets/processed/gtzan_classical_classical.00034.wav,Classical,Classical,Global / Western,gtzan_proxy_classical_008,GTZAN,classical/classical.00034.wav,d1236a3177fbd781f17715d383603e3b3ae89a4ce7f475a1a011643c693b835f,30.01,GTZAN Genre Collection,2002,test,CC-BY-NC-ND / Marsyas Academic Research,GTZAN
gtzan_classical_00035,datasets/processed/gtzan_classical_classical.00035.wav,Classical,Classical,Global / Western,gtzan_proxy_classical_008,GTZAN,classical/classical.00035.wav,8ca8f27b427b0c02a7f54cb17e31a3726ea98072335b61b0d9ce07e4710a2702,30.01,GTZAN Genre Collection,2002,test,CC-BY-NC-ND / Marsyas Academic Research,GTZAN
gtzan_classical_00036,datasets/processed/gtzan_classical_classical.00036.wav,Classical,Classical,Global / Western,gtzan_proxy_classical_009,GTZAN,classical/classical.00036.wav,b045a90a5d24bd4fbac49d6d1f3a017a9f83574208e56d32a8cddf8c5d73e7fe,30.01,GTZAN Genre Collection,2002,test,CC-BY-NC-ND / Marsyas Academic Research,GTZAN
gtzan_classical_00037,datasets/processed/gtzan_classical_classical.00037.wav,Classical,Classical,Global / Western,gtzan_proxy_classical_009,GTZAN,classical/classical.00037.wav,7fc2a692d49214b10c96be18d9e2a989d42d3526ed78406b963a9cb69351c1e0,30.01,GTZAN Genre Collection,2002,test,CC-BY-NC-ND / Marsyas Academic Research,GTZAN
gtzan_classical_00038,datasets/processed/gtzan_classical_classical.00038.wav,Classical,Classical,Global / Western,gtzan_proxy_classical_009,GTZAN,classical/classical.00038.wav,46fac8f41bdbd5c2a7ba580e47d2d994612351602133dcec9378702c5095d733,30.01,GTZAN Genre Collection,2002,test,CC-BY-NC-ND / Marsyas Academic Research,GTZAN
gtzan_classical_00039,datasets/processed/gtzan_classical_classical.00039.wav,Classical,Classical,Global / Western,gtzan_proxy_classical_009,GTZAN,classical/classical.00039.wav,259252f15b61f897bb0bc5ea7a2536b7b0903daea10a4741c3d8b86b5c479ebf,30.01,GTZAN Genre Collection,2002,test,CC-BY-NC-ND / Marsyas Academic Research,GTZAN
gtzan_classical_00040,datasets/processed/gtzan_classical_classical.00040.wav,Classical,Classical,Global / Western,gtzan_proxy_classical_010,GTZAN,classical/classical.00040.wav,d8e3c83259ebd18a0b6844deeff9aae237a091d32a5d9154fe01f1d0c4ae7465,30.01,GTZAN Genre Collection,2002,test,CC-BY-NC-ND / Marsyas Academic Research,GTZAN
gtzan_classical_00041,datasets/processed/gtzan_classical_classical.00041.wav,Classical,Classical,Global / Western,gtzan_proxy_classical_010,GTZAN,classical/classical.00041.wav,36a32ea282f5f400b05ec3b689e823af50154fe1ec87ba9b2b603b3b5a69c83a,30.01,GTZAN Genre Collection,2002,test,CC-BY-NC-ND / Marsyas Academic Research,GTZAN
gtzan_classical_00049,datasets/processed/gtzan_classical_classical.00049.wav,Classical,Classical,Global / Western,gtzan_proxy_classical_012,GTZAN,classical/classical.00049.wav,11630b5041c3d2d975d70386c024fcf0ec37413fb127ffa1a5cf6bd273b14bec,30.0,GTZAN Genre Collection,2002,test,CC-BY-NC-ND / Marsyas Academic Research,GTZAN
gtzan_classical_00077,datasets/processed/gtzan_classical_classical.00077.wav,Classical,Classical,Global / Western,gtzan_proxy_classical_019,GTZAN,classical/classical.00077.wav,aab519cfb07e151c00f75ffb96ef4101b0fa3971e081d2d5295afb2d1137b421,30.01,GTZAN Genre Collection,2002,test,CC-BY-NC-ND / Marsyas Academic Research,GTZAN
gtzan_classical_00078,datasets/processed/gtzan_classical_classical.00078.wav,Classical,Classical,Global / Western,gtzan_proxy_classical_019,GTZAN,classical/classical.00078.wav,abcdf6519a4acd3e279946ca83199868eebe5d3051b8887c792afd11c27c5d23,30.01,GTZAN Genre Collection,2002,test,CC-BY-NC-ND / Marsyas Academic Research,GTZAN
gtzan_classical_00079,datasets/processed/gtzan_classical_classical.00079.wav,Classical,Classical,Global / Western,gtzan_proxy_classical_019,GTZAN,classical/classical.00079.wav,ec1d5e2e1d398867d873ffc9d6ef0b506aa31b8f46e19774a4894431c83925eb,30.01,GTZAN Genre Collection,2002,test,CC-BY-NC-ND / Marsyas Academic Research,GTZAN
gtzan_country_00030,datasets/processed/gtzan_country_country.00030.wav,Country,Country,Global / Western,gtzan_proxy_country_007,GTZAN,country/country.00030.wav,97d220386f7336a3c804245ad5652dbb0a82eb02d12ec4a68e9ee738009c3530,30.01,GTZAN Genre Collection,2002,test,CC-BY-NC-ND / Marsyas Academic Research,GTZAN
gtzan_country_00031,datasets/processed/gtzan_country_country.00031.wav,Country,Country,Global / Western,gtzan_proxy_country_007,GTZAN,country/country.00031.wav,29b829874fe6bef52b3874cbc8ebc8247ff1b5b8c7f0672272f41027210b868d,30.01,GTZAN Genre Collection,2002,test,CC-BY-NC-ND / Marsyas Academic Research,GTZAN
gtzan_country_00032,datasets/processed/gtzan_country_country.00032.wav,Country,Country,Global / Western,gtzan_proxy_country_008,GTZAN,country/country.00032.wav,a0c25b06f3d2d955193b005d15a95ef6f52fada7530631ca10dab8910e60ba5a,30.01,GTZAN Genre Collection,2002,test,CC-BY-NC-ND / Marsyas Academic Research,GTZAN
gtzan_country_00033,datasets/processed/gtzan_country_country.00033.wav,Country,Country,Global / Western,gtzan_proxy_country_008,GTZAN,country/country.00033.wav,20cd2a8a17539110a353b01724539b7af823a05c2513ea9bf7f8ebacb4d83faa,30.01,GTZAN Genre Collection,2002,test,CC-BY-NC-ND / Marsyas Academic Research,GTZAN
gtzan_country_00034,datasets/processed/gtzan_country_country.00034.wav,Country,Country,Global / Western,gtzan_proxy_country_008,GTZAN,country/country.00034.wav,178e3db3af9607317c9716cf2e12006bf28c672ddbb01098b556e4c042ad880b,30.01,GTZAN Genre Collection,2002,test,CC-BY-NC-ND / Marsyas Academic Research,GTZAN
gtzan_country_00035,datasets/processed/gtzan_country_country.00035.wav,Country,Country,Global / Western,gtzan_proxy_country_008,GTZAN,country/country.00035.wav,d0338fe0cbdcd48c4a4e51b2f8d3e9f09c4448eacf22cfee861808744ea8dd17,30.01,GTZAN Genre Collection,2002,test,CC-BY-NC-ND / Marsyas Academic Research,GTZAN
gtzan_country_00036,datasets/processed/gtzan_country_country.00036.wav,Country,Country,Global / Western,gtzan_proxy_country_009,GTZAN,country/country.00036.wav,c2a2f976dcf5c4efbd4e3a5a9fd0a6fa873e21b5cc77024930e5bf614131bdb7,30.01,GTZAN Genre Collection,2002,test,CC-BY-NC-ND / Marsyas Academic Research,GTZAN
gtzan_country_00037,datasets/processed/gtzan_country_country.00037.wav,Country,Country,Global / Western,gtzan_proxy_country_009,GTZAN,country/country.00037.wav,af59c28ed7d0edda7d6a78e049a9177b833e4a9ac2c0a4e1f9e56c8b9e7497af,30.01,GTZAN Genre Collection,2002,test,CC-BY-NC-ND / Marsyas Academic Research,GTZAN
gtzan_country_00038,datasets/processed/gtzan_country_country.00038.wav,Country,Country,Global / Western,gtzan_proxy_country_009,GTZAN,country/country.00038.wav,375df14fa09ab9d1786ee0a04a652573171ccec4656a57e12619e8eeaa867a60,30.01,GTZAN Genre Collection,2002,test,CC-BY-NC-ND / Marsyas Academic Research,GTZAN
gtzan_country_00039,datasets/processed/gtzan_country_country.00039.wav,Country,Country,Global / Western,gtzan_proxy_country_009,GTZAN,country/country.00039.wav,feb3c0baa1b4e7cdfb1305d290d220f05d84c3e995e1c0ff7a91fd82b548fe5e,30.01,GTZAN Genre Collection,2002,test,CC-BY-NC-ND / Marsyas Academic Research,GTZAN
gtzan_country_00040,datasets/processed/gtzan_country_country.00040.wav,Country,Country,Global / Western,gtzan_proxy_country_010,GTZAN,country/country.00040.wav,0edabb14e729642b32403c384a606ecbe64f48185d9a63a35336d0ed4777f894,30.01,GTZAN Genre Collection,2002,test,CC-BY-NC-ND / Marsyas Academic Research,GTZAN
gtzan_country_00043,datasets/processed/gtzan_country_country.00043.wav,Country,Country,Global / Western,gtzan_proxy_country_010,GTZAN,country/country.00043.wav,cb08c1fb3341e2beff295b96461ff305871fb73762e26b45d755977203ce3a5e,30.01,GTZAN Genre Collection,2002,test,CC-BY-NC-ND / Marsyas Academic Research,GTZAN
gtzan_country_00044,datasets/processed/gtzan_country_country.00044.wav,Country,Country,Global / Western,gtzan_proxy_country_011,GTZAN,country/country.00044.wav,4e9c238c8eb5647a2c29df7a6ab04adcb8c380c2fdb6848a0e46c96332b6e64b,30.01,GTZAN Genre Collection,2002,test,CC-BY-NC-ND / Marsyas Academic Research,GTZAN
gtzan_country_00046,datasets/processed/gtzan_country_country.00046.wav,Country,Country,Global / Western,gtzan_proxy_country_011,GTZAN,country/country.00046.wav,aee6082905ab229a6aeea6d8bca60c2839a323fa387b4e18754e68c9b29fb351,30.01,GTZAN Genre Collection,2002,test,CC-BY-NC-ND / Marsyas Academic Research,GTZAN
gtzan_country_00047,datasets/processed/gtzan_country_country.00047.wav,Country,Country,Global / Western,gtzan_proxy_country_011,GTZAN,country/country.00047.wav,ce2a9f8b8380fd8c239b5fea611bff5766c237a6ab51d2cca270c114e54527ed,30.01,GTZAN Genre Collection,2002,test,CC-BY-NC-ND / Marsyas Academic Research,GTZAN
gtzan_country_00048,datasets/processed/gtzan_country_country.00048.wav,Country,Country,Global / Western,gtzan_proxy_country_012,GTZAN,country/country.00048.wav,f4524813a7bc2a6677ab0a9d1e1ed7c39d2c747f8a610f5d848912ec2868b53d,30.01,GTZAN Genre Collection,2002,test,CC-BY-NC-ND / Marsyas Academic Research,GTZAN
gtzan_country_00050,datasets/processed/gtzan_country_country.00050.wav,Country,Country,Global / Western,gtzan_proxy_country_012,GTZAN,country/country.00050.wav,7e906d9610450268d95994dadf5bdd81c33b1f5a8534279b8ad4fa08a823f9c6,30.01,GTZAN Genre Collection,2002,test,CC-BY-NC-ND / Marsyas Academic Research,GTZAN
gtzan_country_00051,datasets/processed/gtzan_country_country.00051.wav,Country,Country,Global / Western,gtzan_proxy_country_012,GTZAN,country/country.00051.wav,122c28e1ade275506ff591c75b8e72adc4902702ba3188fc3292dbcd5fe6bd50,30.01,GTZAN Genre Collection,2002,test,CC-BY-NC-ND / Marsyas Academic Research,GTZAN
gtzan_country_00053,datasets/processed/gtzan_country_country.00053.wav,Country,Country,Global / Western,gtzan_proxy_country_013,GTZAN,country/country.00053.wav,73b0c01ceeaa8115124befc8f9ea0ec7e31e854da570f36060ab1ff5c43acb4f,30.01,GTZAN Genre Collection,2002,test,CC-BY-NC-ND / Marsyas Academic Research,GTZAN
gtzan_country_00054,datasets/processed/gtzan_country_country.00054.wav,Country,Country,Global / Western,gtzan_proxy_country_013,GTZAN,country/country.00054.wav,7b9251b41a82eebf476b50b55bf63c20c9d8f2c2a1bee5bf084cd1f87ef62557,30.01,GTZAN Genre Collection,2002,test,CC-BY-NC-ND / Marsyas Academic Research,GTZAN
gtzan_country_00055,datasets/processed/gtzan_country_country.00055.wav,Country,Country,Global / Western,gtzan_proxy_country_013,GTZAN,country/country.00055.wav,69673f3623deee4dea3b870143c61572e22895070684583b5a642cf6ecfca435,30.01,GTZAN Genre Collection,2002,test,CC-BY-NC-ND / Marsyas Academic Research,GTZAN
gtzan_country_00056,datasets/processed/gtzan_country_country.00056.wav,Country,Country,Global / Western,gtzan_proxy_country_014,GTZAN,country/country.00056.wav,40cf820d6f75b5ae85fe7cc03d475d821388c2a61b4042b886cc60f42ec2d4b2,30.01,GTZAN Genre Collection,2002,test,CC-BY-NC-ND / Marsyas Academic Research,GTZAN
gtzan_country_00057,datasets/processed/gtzan_country_country.00057.wav,Country,Country,Global / Western,gtzan_proxy_country_014,GTZAN,country/country.00057.wav,09c15e231645a55ea9edc9b7c01e9feef5832ef5568a4a950a4ac08c7f1c010e,30.01,GTZAN Genre Collection,2002,test,CC-BY-NC-ND / Marsyas Academic Research,GTZAN
gtzan_country_00058,datasets/processed/gtzan_country_country.00058.wav,Country,Country,Global / Western,gtzan_proxy_country_014,GTZAN,country/country.00058.wav,0122a7a8013bf148a16129096f3885bab472fbc518c0b9ce07cff5ac885fa4a1,30.01,GTZAN Genre Collection,2002,test,CC-BY-NC-ND / Marsyas Academic Research,GTZAN
gtzan_country_00059,datasets/processed/gtzan_country_country.00059.wav,Country,Country,Global / Western,gtzan_proxy_country_014,GTZAN,country/country.00059.wav,b18b747076dfeea55bd9aa7e14d41e9528dad279f7c0a0224ccba723eeab6394,30.01,GTZAN Genre Collection,2002,test,CC-BY-NC-ND / Marsyas Academic Research,GTZAN
gtzan_country_00060,datasets/processed/gtzan_country_country.00060.wav,Country,Country,Global / Western,gtzan_proxy_country_015,GTZAN,country/country.00060.wav,87246c7ce0112439463236b838e812b240a1e49018fd683fdcaa64375f212c96,30.01,GTZAN Genre Collection,2002,test,CC-BY-NC-ND / Marsyas Academic Research,GTZAN
gtzan_country_00061,datasets/processed/gtzan_country_country.00061.wav,Country,Country,Global / Western,gtzan_proxy_country_015,GTZAN,country/country.00061.wav,b399ee1b13d201f0773de9e522f42fc92f65465cf16b81eec72751a7536a4cca,30.01,GTZAN Genre Collection,2002,test,CC-BY-NC-ND / Marsyas Academic Research,GTZAN
gtzan_country_00062,datasets/processed/gtzan_country_country.00062.wav,Country,Country,Global / Western,gtzan_proxy_country_015,GTZAN,country/country.00062.wav,32f75870fd2e08421664896b90b9550af924b0cf14ef401aed593dbab9cae29e,30.01,GTZAN Genre Collection,2002,test,CC-BY-NC-ND / Marsyas Academic Research,GTZAN
gtzan_country_00063,datasets/processed/gtzan_country_country.00063.wav,Country,Country,Global / Western,gtzan_proxy_country_015,GTZAN,country/country.00063.wav,1ae40c699a97e3bbf644f949fe864ca83fcd80114e80d287e708cf850bf922e6,30.01,GTZAN Genre Collection,2002,test,CC-BY-NC-ND / Marsyas Academic Research,GTZAN
gtzan_country_00064,datasets/processed/gtzan_country_country.00064.wav,Country,Country,Global / Western,gtzan_proxy_country_016,GTZAN,country/country.00064.wav,27684e9714a373aef406115583837bd301382bd24a1ef52877476d72e0abf912,30.01,GTZAN Genre Collection,2002,test,CC-BY-NC-ND / Marsyas Academic Research,GTZAN
gtzan_disco_00001,datasets/processed/gtzan_disco_disco.00001.wav,Disco,Disco,Global / Western,gtzan_proxy_disco_000,GTZAN,disco/disco.00001.wav,ab4063da474dddef0c2e95af7c4abd77a50c5911b94ef2984c08a719293f9517,30.21,GTZAN Genre Collection,2002,test,CC-BY-NC-ND / Marsyas Academic Research,GTZAN
gtzan_disco_00021,datasets/processed/gtzan_disco_disco.00021.wav,Disco,Disco,Global / Western,gtzan_proxy_disco_005,GTZAN,disco/disco.00021.wav,befa241237816590fe2bd97b02e9a6eda84674d1a7e9d73dd361a1bed59cee91,30.01,GTZAN Genre Collection,2002,test,CC-BY-NC-ND / Marsyas Academic Research,GTZAN
gtzan_disco_00058,datasets/processed/gtzan_disco_disco.00058.wav,Disco,Disco,Global / Western,gtzan_proxy_disco_014,GTZAN,disco/disco.00058.wav,c42bd06e576650367b181be0d04ca748f717ebfd926fa1518d1e4c2132a9a1ca,30.0,GTZAN Genre Collection,2002,test,CC-BY-NC-ND / Marsyas Academic Research,GTZAN
gtzan_disco_00062,datasets/processed/gtzan_disco_disco.00062.wav,Disco,Disco,Global / Western,gtzan_proxy_disco_015,GTZAN,disco/disco.00062.wav,a539263a4f33f8e0e328e0afd769a305b2e6d7ada2ef4d15839d980a8d94d2dd,30.0,GTZAN Genre Collection,2002,test,CC-BY-NC-ND / Marsyas Academic Research,GTZAN
gtzan_disco_00063,datasets/processed/gtzan_disco_disco.00063.wav,Disco,Disco,Global / Western,gtzan_proxy_disco_015,GTZAN,disco/disco.00063.wav,f336ed6800b35cfabec0989d69dd97d300209cf931042c1eb851f5279b9ed7db,30.0,GTZAN Genre Collection,2002,test,CC-BY-NC-ND / Marsyas Academic Research,GTZAN
gtzan_disco_00064,datasets/processed/gtzan_disco_disco.00064.wav,Disco,Disco,Global / Western,gtzan_proxy_disco_016,GTZAN,disco/disco.00064.wav,5eb69ee3ba127f0f7914fe7a6301cf804a9f9a3a79d9790afc3da04ea7b0b6cd,30.0,GTZAN Genre Collection,2002,test,CC-BY-NC-ND / Marsyas Academic Research,GTZAN
gtzan_disco_00065,datasets/processed/gtzan_disco_disco.00065.wav,Disco,Disco,Global / Western,gtzan_proxy_disco_016,GTZAN,disco/disco.00065.wav,17fb78b2ec7fe120463831ef8da9170b2da58975a1b9bcdd5bbd7161cad4fa6a,30.0,GTZAN Genre Collection,2002,test,CC-BY-NC-ND / Marsyas Academic Research,GTZAN
gtzan_disco_00066,datasets/processed/gtzan_disco_disco.00066.wav,Disco,Disco,Global / Western,gtzan_proxy_disco_016,GTZAN,disco/disco.00066.wav,b5230ac55fd528a498fb4fb04837fa370306d2400deaa3869db152c5688c93d4,30.0,GTZAN Genre Collection,2002,test,CC-BY-NC-ND / Marsyas Academic Research,GTZAN
gtzan_disco_00069,datasets/processed/gtzan_disco_disco.00069.wav,Disco,Disco,Global / Western,gtzan_proxy_disco_017,GTZAN,disco/disco.00069.wav,64026c09ccac817d58201fdf1703f268dce3a9305c72ea139a366004c8aa9b4d,30.0,GTZAN Genre Collection,2002,test,CC-BY-NC-ND / Marsyas Academic Research,GTZAN
gtzan_disco_00076,datasets/processed/gtzan_disco_disco.00076.wav,Disco,Disco,Global / Western,gtzan_proxy_disco_019,GTZAN,disco/disco.00076.wav,019cd75b7d5b87099172f12a400898acb7b788d3008809ffce73b2c61102bc17,30.0,GTZAN Genre Collection,2002,test,CC-BY-NC-ND / Marsyas Academic Research,GTZAN
gtzan_disco_00077,datasets/processed/gtzan_disco_disco.00077.wav,Disco,Disco,Global / Western,gtzan_proxy_disco_019,GTZAN,disco/disco.00077.wav,504f0fc1f33b86c621014bff2c1501f951c8bb83311c37a61caf0f5ef8d4c017,30.0,GTZAN Genre Collection,2002,test,CC-BY-NC-ND / Marsyas Academic Research,GTZAN
gtzan_disco_00078,datasets/processed/gtzan_disco_disco.00078.wav,Disco,Disco,Global / Western,gtzan_proxy_disco_019,GTZAN,disco/disco.00078.wav,7728c669bc7a554b1981336b1c3504a200e6d9ac2e70525cd04130551d48b90e,30.0,GTZAN Genre Collection,2002,test,CC-BY-NC-ND / Marsyas Academic Research,GTZAN
gtzan_disco_00079,datasets/processed/gtzan_disco_disco.00079.wav,Disco,Disco,Global / Western,gtzan_proxy_disco_019,GTZAN,disco/disco.00079.wav,6596613d40239d49157521a05d1a576ccddd97c36988a9c89de78b44f7e1d64c,30.0,GTZAN Genre Collection,2002,test,CC-BY-NC-ND / Marsyas Academic Research,GTZAN
gtzan_disco_00080,datasets/processed/gtzan_disco_disco.00080.wav,Disco,Disco,Global / Western,gtzan_proxy_disco_020,GTZAN,disco/disco.00080.wav,e5b57d4359e71d816f5c03053cdedef4128b5ede2bcac465ef1f1cb3d888b0d5,30.0,GTZAN Genre Collection,2002,test,CC-BY-NC-ND / Marsyas Academic Research,GTZAN
gtzan_disco_00081,datasets/processed/gtzan_disco_disco.00081.wav,Disco,Disco,Global / Western,gtzan_proxy_disco_020,GTZAN,disco/disco.00081.wav,ad727529f9fcec0622e4400e4479ca62b6f9ca5c85b2913b2e7556b254fead8d,30.0,GTZAN Genre Collection,2002,test,CC-BY-NC-ND / Marsyas Academic Research,GTZAN
gtzan_disco_00082,datasets/processed/gtzan_disco_disco.00082.wav,Disco,Disco,Global / Western,gtzan_proxy_disco_020,GTZAN,disco/disco.00082.wav,66092154d1c893631872e7db4964e410fae87a15ecba13a4184cbf0b6cf49d09,30.0,GTZAN Genre Collection,2002,test,CC-BY-NC-ND / Marsyas Academic Research,GTZAN
gtzan_disco_00083,datasets/processed/gtzan_disco_disco.00083.wav,Disco,Disco,Global / Western,gtzan_proxy_disco_020,GTZAN,disco/disco.00083.wav,dfd6f0266ff260de849bd84b934c297feab07a77d80de26095884e5bbc25bb79,30.0,GTZAN Genre Collection,2002,test,CC-BY-NC-ND / Marsyas Academic Research,GTZAN
gtzan_disco_00084,datasets/processed/gtzan_disco_disco.00084.wav,Disco,Disco,Global / Western,gtzan_proxy_disco_021,GTZAN,disco/disco.00084.wav,26acd71681e783fb25f64559974a4cda82f6f08c275fa5d0c3fc19dddd3ff733,30.0,GTZAN Genre Collection,2002,test,CC-BY-NC-ND / Marsyas Academic Research,GTZAN
gtzan_disco_00085,datasets/processed/gtzan_disco_disco.00085.wav,Disco,Disco,Global / Western,gtzan_proxy_disco_021,GTZAN,disco/disco.00085.wav,932d059053d07d9057bfb64d0b0b5887d153f59cc1e047477f60f515e048c2e6,30.0,GTZAN Genre Collection,2002,test,CC-BY-NC-ND / Marsyas Academic Research,GTZAN
gtzan_disco_00086,datasets/processed/gtzan_disco_disco.00086.wav,Disco,Disco,Global / Western,gtzan_proxy_disco_021,GTZAN,disco/disco.00086.wav,83dabcc99906f88092971a61c328b54453035309ccf4230b52f998c1f2fa28da,30.0,GTZAN Genre Collection,2002,test,CC-BY-NC-ND / Marsyas Academic Research,GTZAN
gtzan_disco_00087,datasets/processed/gtzan_disco_disco.00087.wav,Disco,Disco,Global / Western,gtzan_proxy_disco_021,GTZAN,disco/disco.00087.wav,1332350e3280be1aba9ed16237556f2f55f0ca2c4a77d27eec7fc2e7f8a4134f,30.0,GTZAN Genre Collection,2002,test,CC-BY-NC-ND / Marsyas Academic Research,GTZAN
gtzan_disco_00088,datasets/processed/gtzan_disco_disco.00088.wav,Disco,Disco,Global / Western,gtzan_proxy_disco_022,GTZAN,disco/disco.00088.wav,1c45775745d649171362aa86814b8db0214d5eb4fba59ab01a71356215422d10,30.0,GTZAN Genre Collection,2002,test,CC-BY-NC-ND / Marsyas Academic Research,GTZAN
gtzan_disco_00091,datasets/processed/gtzan_disco_disco.00091.wav,Disco,Disco,Global / Western,gtzan_proxy_disco_022,GTZAN,disco/disco.00091.wav,4368ebfa1f1a6cb4e670d7a8bcd079b529efcb83fe766e3709e9ba07188131a7,30.0,GTZAN Genre Collection,2002,test,CC-BY-NC-ND / Marsyas Academic Research,GTZAN
gtzan_disco_00092,datasets/processed/gtzan_disco_disco.00092.wav,Disco,Disco,Global / Western,gtzan_proxy_disco_023,GTZAN,disco/disco.00092.wav,ee57e9faee142272995a11a8684441a934cbb2076f8b78dbce751f5ecda9451b,30.0,GTZAN Genre Collection,2002,test,CC-BY-NC-ND / Marsyas Academic Research,GTZAN
gtzan_disco_00093,datasets/processed/gtzan_disco_disco.00093.wav,Disco,Disco,Global / Western,gtzan_proxy_disco_023,GTZAN,disco/disco.00093.wav,ca11e6a8e53bf47ad35a9febe3252baf8522f49377f15263d7d6bf1f3957cf31,30.0,GTZAN Genre Collection,2002,test,CC-BY-NC-ND / Marsyas Academic Research,GTZAN
gtzan_disco_00094,datasets/processed/gtzan_disco_disco.00094.wav,Disco,Disco,Global / Western,gtzan_proxy_disco_023,GTZAN,disco/disco.00094.wav,639baf550ee0fd110b624d04118c808bb56ddfe7dd26d9af19646896d1751963,30.0,GTZAN Genre Collection,2002,test,CC-BY-NC-ND / Marsyas Academic Research,GTZAN
gtzan_disco_00096,datasets/processed/gtzan_disco_disco.00096.wav,Disco,Disco,Global / Western,gtzan_proxy_disco_024,GTZAN,disco/disco.00096.wav,f62a845ac4bc4d788484dce52fda0a887d0f74d102089f0b4d24728dd0f704ad,30.0,GTZAN Genre Collection,2002,test,CC-BY-NC-ND / Marsyas Academic Research,GTZAN
gtzan_disco_00097,datasets/processed/gtzan_disco_disco.00097.wav,Disco,Disco,Global / Western,gtzan_proxy_disco_024,GTZAN,disco/disco.00097.wav,b6a5fefaa7606b8a8532b35a43b671d8ca010f42e8fa7080d0332e9c8caaa0a7,30.0,GTZAN Genre Collection,2002,test,CC-BY-NC-ND / Marsyas Academic Research,GTZAN
gtzan_disco_00099,datasets/processed/gtzan_disco_disco.00099.wav,Disco,Disco,Global / Western,gtzan_proxy_disco_024,GTZAN,disco/disco.00099.wav,90e94b817eeb79bf5e1276af873295c636286f6069f51b9fa93e5761bc450b7a,30.0,GTZAN Genre Collection,2002,test,CC-BY-NC-ND / Marsyas Academic Research,GTZAN
gtzan_hiphop_00000,datasets/processed/gtzan_hiphop_hiphop.00000.wav,Hip-Hop,Hip-Hop,Global / Western,gtzan_proxy_hiphop_000,GTZAN,hiphop/hiphop.00000.wav,3bc38880651d3c2443fc77b9337f10f6cd65695a4efb9bc711f4f7bda3e7fb9a,30.0,GTZAN Genre Collection,2002,test,CC-BY-NC-ND / Marsyas Academic Research,GTZAN
gtzan_hiphop_00026,datasets/processed/gtzan_hiphop_hiphop.00026.wav,Hip-Hop,Hip-Hop,Global / Western,gtzan_proxy_hiphop_006,GTZAN,hiphop/hiphop.00026.wav,450f773fcc992b8e594c40efe130afc3ec86d3b123437ef5f0696a34323905d9,30.37,GTZAN Genre Collection,2002,test,CC-BY-NC-ND / Marsyas Academic Research,GTZAN
gtzan_hiphop_00027,datasets/processed/gtzan_hiphop_hiphop.00027.wav,Hip-Hop,Hip-Hop,Global / Western,gtzan_proxy_hiphop_006,GTZAN,hiphop/hiphop.00027.wav,745ddbe643d89f4c2b73547afa18e09292f4c3757032d07411169d12845d93b7,30.13,GTZAN Genre Collection,2002,test,CC-BY-NC-ND / Marsyas Academic Research,GTZAN
gtzan_hiphop_00030,datasets/processed/gtzan_hiphop_hiphop.00030.wav,Hip-Hop,Hip-Hop,Global / Western,gtzan_proxy_hiphop_007,GTZAN,hiphop/hiphop.00030.wav,10c5f79fbc7b48a63d7bd798ef9a3cd87898f6a8ca6a66315099e65c6ad16f95,30.01,GTZAN Genre Collection,2002,test,CC-BY-NC-ND / Marsyas Academic Research,GTZAN
gtzan_hiphop_00040,datasets/processed/gtzan_hiphop_hiphop.00040.wav,Hip-Hop,Hip-Hop,Global / Western,gtzan_proxy_hiphop_010,GTZAN,hiphop/hiphop.00040.wav,239bfde4d6c6d597d11b1ee1f014c12e153f6b6cc05ab84e680938c421da6e7d,30.65,GTZAN Genre Collection,2002,test,CC-BY-NC-ND / Marsyas Academic Research,GTZAN
gtzan_hiphop_00043,datasets/processed/gtzan_hiphop_hiphop.00043.wav,Hip-Hop,Hip-Hop,Global / Western,gtzan_proxy_hiphop_010,GTZAN,hiphop/hiphop.00043.wav,f3fd42ce0dbd76c380f54a61a61e08fe3e554aa2499d2f1b2c952210ed14ebc9,30.65,GTZAN Genre Collection,2002,test,CC-BY-NC-ND / Marsyas Academic Research,GTZAN
gtzan_hiphop_00044,datasets/processed/gtzan_hiphop_hiphop.00044.wav,Hip-Hop,Hip-Hop,Global / Western,gtzan_proxy_hiphop_011,GTZAN,hiphop/hiphop.00044.wav,ed64f91cbb2746fbc897c3be30383f6b49cc0067ae1bad82b11b00cd2d90dfd5,30.65,GTZAN Genre Collection,2002,test,CC-BY-NC-ND / Marsyas Academic Research,GTZAN
gtzan_hiphop_00045,datasets/processed/gtzan_hiphop_hiphop.00045.wav,Hip-Hop,Hip-Hop,Global / Western,gtzan_proxy_hiphop_011,GTZAN,hiphop/hiphop.00045.wav,15fbd696d0f3e7dedcf9975b0ec820fe8794bfdac09d55e90291c05d3d9ecde3,30.65,GTZAN Genre Collection,2002,test,CC-BY-NC-ND / Marsyas Academic Research,GTZAN
gtzan_hiphop_00051,datasets/processed/gtzan_hiphop_hiphop.00051.wav,Hip-Hop,Hip-Hop,Global / Western,gtzan_proxy_hiphop_012,GTZAN,hiphop/hiphop.00051.wav,2aa6857b3c490e42faea8f845f32d1910a7c41e1eaa0419a9f47c5efa7da1e32,30.01,GTZAN Genre Collection,2002,test,CC-BY-NC-ND / Marsyas Academic Research,GTZAN
gtzan_hiphop_00052,datasets/processed/gtzan_hiphop_hiphop.00052.wav,Hip-Hop,Hip-Hop,Global / Western,gtzan_proxy_hiphop_013,GTZAN,hiphop/hiphop.00052.wav,1a3e96975a7f2f8d7769cbcdf42d427737933a5d8b43b540c233a2ef9defbd9b,30.01,GTZAN Genre Collection,2002,test,CC-BY-NC-ND / Marsyas Academic Research,GTZAN
gtzan_hiphop_00053,datasets/processed/gtzan_hiphop_hiphop.00053.wav,Hip-Hop,Hip-Hop,Global / Western,gtzan_proxy_hiphop_013,GTZAN,hiphop/hiphop.00053.wav,68985b5f45285b0ebc0f6634839ac6fc74456133929281ca9afcae8ca9b1a189,30.01,GTZAN Genre Collection,2002,test,CC-BY-NC-ND / Marsyas Academic Research,GTZAN
gtzan_hiphop_00054,datasets/processed/gtzan_hiphop_hiphop.00054.wav,Hip-Hop,Hip-Hop,Global / Western,gtzan_proxy_hiphop_013,GTZAN,hiphop/hiphop.00054.wav,88b250d63d37f6f46be2ac0fd595a2d48503486e7d346d773e6cd2adbc5b356d,30.01,GTZAN Genre Collection,2002,test,CC-BY-NC-ND / Marsyas Academic Research,GTZAN
gtzan_hiphop_00062,datasets/processed/gtzan_hiphop_hiphop.00062.wav,Hip-Hop,Hip-Hop,Global / Western,gtzan_proxy_hiphop_015,GTZAN,hiphop/hiphop.00062.wav,22901796f8e1acefd9f0182f0b330f4f56190799c8ab81ff9d9d35d59e7575bf,30.01,GTZAN Genre Collection,2002,test,CC-BY-NC-ND / Marsyas Academic Research,GTZAN
gtzan_hiphop_00063,datasets/processed/gtzan_hiphop_hiphop.00063.wav,Hip-Hop,Hip-Hop,Global / Western,gtzan_proxy_hiphop_015,GTZAN,hiphop/hiphop.00063.wav,89f378874d41d5967f763b0fdac9f41033d69bdbb01b25b555013cb341aa81a9,30.01,GTZAN Genre Collection,2002,test,CC-BY-NC-ND / Marsyas Academic Research,GTZAN
gtzan_hiphop_00064,datasets/processed/gtzan_hiphop_hiphop.00064.wav,Hip-Hop,Hip-Hop,Global / Western,gtzan_proxy_hiphop_016,GTZAN,hiphop/hiphop.00064.wav,7569638fd6a989434e5b936c94aafc30b3fbe44e320260e63386de3fbe4bc3ec,30.01,GTZAN Genre Collection,2002,test,CC-BY-NC-ND / Marsyas Academic Research,GTZAN
gtzan_hiphop_00065,datasets/processed/gtzan_hiphop_hiphop.00065.wav,Hip-Hop,Hip-Hop,Global / Western,gtzan_proxy_hiphop_016,GTZAN,hiphop/hiphop.00065.wav,b4482e9584cd0b91ca86554b406f8e75a744bf40663c321f28caffb646fe84dd,30.01,GTZAN Genre Collection,2002,test,CC-BY-NC-ND / Marsyas Academic Research,GTZAN
gtzan_hiphop_00066,datasets/processed/gtzan_hiphop_hiphop.00066.wav,Hip-Hop,Hip-Hop,Global / Western,gtzan_proxy_hiphop_016,GTZAN,hiphop/hiphop.00066.wav,e9782af4b4f1c1884c59b0009ed840204ecb2157a6b37339b69fbefc5cb92405,30.01,GTZAN Genre Collection,2002,test,CC-BY-NC-ND / Marsyas Academic Research,GTZAN
gtzan_hiphop_00067,datasets/processed/gtzan_hiphop_hiphop.00067.wav,Hip-Hop,Hip-Hop,Global / Western,gtzan_proxy_hiphop_016,GTZAN,hiphop/hiphop.00067.wav,70532aad5ba5ef0e90afec6d08a84e45772ba46aef5b91f58c5e74782f4863f3,30.01,GTZAN Genre Collection,2002,test,CC-BY-NC-ND / Marsyas Academic Research,GTZAN
gtzan_hiphop_00068,datasets/processed/gtzan_hiphop_hiphop.00068.wav,Hip-Hop,Hip-Hop,Global / Western,gtzan_proxy_hiphop_017,GTZAN,hiphop/hiphop.00068.wav,8248afd234eaf8d1096e966c56115eba784927f251d21d70a753ae4ff9091277,30.01,GTZAN Genre Collection,2002,test,CC-BY-NC-ND / Marsyas Academic Research,GTZAN
gtzan_hiphop_00069,datasets/processed/gtzan_hiphop_hiphop.00069.wav,Hip-Hop,Hip-Hop,Global / Western,gtzan_proxy_hiphop_017,GTZAN,hiphop/hiphop.00069.wav,774ddaf1f867213e2a53c46d266572d1aed752113d912c11166757e4066bb3fb,30.01,GTZAN Genre Collection,2002,test,CC-BY-NC-ND / Marsyas Academic Research,GTZAN
gtzan_hiphop_00070,datasets/processed/gtzan_hiphop_hiphop.00070.wav,Hip-Hop,Hip-Hop,Global / Western,gtzan_proxy_hiphop_017,GTZAN,hiphop/hiphop.00070.wav,1b419087d2cacaa73832c7b90f90ccf9cef9a87e284f00b382f77e04a7086dd3,30.01,GTZAN Genre Collection,2002,test,CC-BY-NC-ND / Marsyas Academic Research,GTZAN
gtzan_hiphop_00071,datasets/processed/gtzan_hiphop_hiphop.00071.wav,Hip-Hop,Hip-Hop,Global / Western,gtzan_proxy_hiphop_017,GTZAN,hiphop/hiphop.00071.wav,c7bd0f459ef8dd0f4f60dfe8f849da9415ae557410466d97276b10711c7f7999,30.01,GTZAN Genre Collection,2002,test,CC-BY-NC-ND / Marsyas Academic Research,GTZAN
gtzan_hiphop_00072,datasets/processed/gtzan_hiphop_hiphop.00072.wav,Hip-Hop,Hip-Hop,Global / Western,gtzan_proxy_hiphop_018,GTZAN,hiphop/hiphop.00072.wav,f35bacbd9c157e961aa97327ce9e6980a218a7ba24e1127b5d701c05913f211d,30.01,GTZAN Genre Collection,2002,test,CC-BY-NC-ND / Marsyas Academic Research,GTZAN
gtzan_hiphop_00073,datasets/processed/gtzan_hiphop_hiphop.00073.wav,Hip-Hop,Hip-Hop,Global / Western,gtzan_proxy_hiphop_018,GTZAN,hiphop/hiphop.00073.wav,c6df8009ed3d324c796282b3f46e925b5ed9e3c8a0204bb54e6c56a2e5285b8c,30.01,GTZAN Genre Collection,2002,test,CC-BY-NC-ND / Marsyas Academic Research,GTZAN
gtzan_hiphop_00074,datasets/processed/gtzan_hiphop_hiphop.00074.wav,Hip-Hop,Hip-Hop,Global / Western,gtzan_proxy_hiphop_018,GTZAN,hiphop/hiphop.00074.wav,b8775bebb9a7048f90e90be7dfc76703004bdf87d511acc1e99e093971d0aad0,30.01,GTZAN Genre Collection,2002,test,CC-BY-NC-ND / Marsyas Academic Research,GTZAN
gtzan_hiphop_00075,datasets/processed/gtzan_hiphop_hiphop.00075.wav,Hip-Hop,Hip-Hop,Global / Western,gtzan_proxy_hiphop_018,GTZAN,hiphop/hiphop.00075.wav,5dd6cecd35a60625d1fee05923f4324ebe6c28909658112fdfa8619a89327f6d,30.01,GTZAN Genre Collection,2002,test,CC-BY-NC-ND / Marsyas Academic Research,GTZAN
gtzan_hiphop_00099,datasets/processed/gtzan_hiphop_hiphop.00099.wav,Hip-Hop,Hip-Hop,Global / Western,gtzan_proxy_hiphop_024,GTZAN,hiphop/hiphop.00099.wav,d8274ae53a48b26a477b17b859d4b13c804537ba357c6444ce4af061baa72401,30.0,GTZAN Genre Collection,2002,test,CC-BY-NC-ND / Marsyas Academic Research,GTZAN
gtzan_jazz_00073,datasets/processed/gtzan_jazz_jazz.00073.wav,Jazz,Jazz,Global / Western,gtzan_proxy_jazz_018,GTZAN,jazz/jazz.00073.wav,5f7737d3439788ab6dc13cead31b6428b174e718dd938521bf1afb43b2b47244,30.01,GTZAN Genre Collection,2002,test,CC-BY-NC-ND / Marsyas Academic Research,GTZAN
gtzan_jazz_00074,datasets/processed/gtzan_jazz_jazz.00074.wav,Jazz,Jazz,Global / Western,gtzan_proxy_jazz_018,GTZAN,jazz/jazz.00074.wav,a7834318dead68fd56ab58bbfaf3c519466910e2c0dc022b5f3c65d662672b78,30.01,GTZAN Genre Collection,2002,test,CC-BY-NC-ND / Marsyas Academic Research,GTZAN
gtzan_jazz_00075,datasets/processed/gtzan_jazz_jazz.00075.wav,Jazz,Jazz,Global / Western,gtzan_proxy_jazz_018,GTZAN,jazz/jazz.00075.wav,775f3fcf34ffac75d7286a5fa8e78848f1abf28aae74d78ec4803a0097640076,30.01,GTZAN Genre Collection,2002,test,CC-BY-NC-ND / Marsyas Academic Research,GTZAN
gtzan_jazz_00076,datasets/processed/gtzan_jazz_jazz.00076.wav,Jazz,Jazz,Global / Western,gtzan_proxy_jazz_019,GTZAN,jazz/jazz.00076.wav,87da43d8bef836db16a8421e5b87dca6eb639a79c835585ef2766eafcedfc4d2,30.01,GTZAN Genre Collection,2002,test,CC-BY-NC-ND / Marsyas Academic Research,GTZAN
gtzan_jazz_00077,datasets/processed/gtzan_jazz_jazz.00077.wav,Jazz,Jazz,Global / Western,gtzan_proxy_jazz_019,GTZAN,jazz/jazz.00077.wav,392e33bb7df989d0f12fd38bd9e1fb1e9f57a80c1b8f05a273a244b73f2ec3e6,30.01,GTZAN Genre Collection,2002,test,CC-BY-NC-ND / Marsyas Academic Research,GTZAN
gtzan_jazz_00078,datasets/processed/gtzan_jazz_jazz.00078.wav,Jazz,Jazz,Global / Western,gtzan_proxy_jazz_019,GTZAN,jazz/jazz.00078.wav,fccb77f6464353e90a6491def881a47aa525bed98d55c35d05b38923e0a7e023,30.01,GTZAN Genre Collection,2002,test,CC-BY-NC-ND / Marsyas Academic Research,GTZAN
gtzan_jazz_00079,datasets/processed/gtzan_jazz_jazz.00079.wav,Jazz,Jazz,Global / Western,gtzan_proxy_jazz_019,GTZAN,jazz/jazz.00079.wav,a0b05a077e930f7ccc2791fc732d58604a4e939875d3ef9c4a67e40cc0665060,30.01,GTZAN Genre Collection,2002,test,CC-BY-NC-ND / Marsyas Academic Research,GTZAN
gtzan_jazz_00080,datasets/processed/gtzan_jazz_jazz.00080.wav,Jazz,Jazz,Global / Western,gtzan_proxy_jazz_020,GTZAN,jazz/jazz.00080.wav,32d18b9dda8528ce37e693823b923dff9851e794bd45cd770487931a366497c8,30.01,GTZAN Genre Collection,2002,test,CC-BY-NC-ND / Marsyas Academic Research,GTZAN
gtzan_jazz_00081,datasets/processed/gtzan_jazz_jazz.00081.wav,Jazz,Jazz,Global / Western,gtzan_proxy_jazz_020,GTZAN,jazz/jazz.00081.wav,03c6cb7c4876e2a1dec115cef6589a6122ef9c6f3ad92be64a4681dfa6fa7be9,30.01,GTZAN Genre Collection,2002,test,CC-BY-NC-ND / Marsyas Academic Research,GTZAN
gtzan_jazz_00082,datasets/processed/gtzan_jazz_jazz.00082.wav,Jazz,Jazz,Global / Western,gtzan_proxy_jazz_020,GTZAN,jazz/jazz.00082.wav,7d1e2182759b10c7bc1a8270491fe7bb493f78981bc922162debf29cac7a6b38,30.01,GTZAN Genre Collection,2002,test,CC-BY-NC-ND / Marsyas Academic Research,GTZAN
gtzan_jazz_00083,datasets/processed/gtzan_jazz_jazz.00083.wav,Jazz,Jazz,Global / Western,gtzan_proxy_jazz_020,GTZAN,jazz/jazz.00083.wav,b7e8ab06449cc5458b73ea26be3c7f507efbdf5d0c05b5e68d3e179a1418887e,30.01,GTZAN Genre Collection,2002,test,CC-BY-NC-ND / Marsyas Academic Research,GTZAN
gtzan_jazz_00084,datasets/processed/gtzan_jazz_jazz.00084.wav,Jazz,Jazz,Global / Western,gtzan_proxy_jazz_021,GTZAN,jazz/jazz.00084.wav,9da2ac4dc6cc27d952c8ad45da3bd019b01d6289c6415f2a00bb75ff3443c253,30.01,GTZAN Genre Collection,2002,test,CC-BY-NC-ND / Marsyas Academic Research,GTZAN
gtzan_jazz_00085,datasets/processed/gtzan_jazz_jazz.00085.wav,Jazz,Jazz,Global / Western,gtzan_proxy_jazz_021,GTZAN,jazz/jazz.00085.wav,8e191f588a487c8e4fa55aa92f6c1d83e8079d90c6cd03655c446a961d812e2f,30.01,GTZAN Genre Collection,2002,test,CC-BY-NC-ND / Marsyas Academic Research,GTZAN
gtzan_jazz_00086,datasets/processed/gtzan_jazz_jazz.00086.wav,Jazz,Jazz,Global / Western,gtzan_proxy_jazz_021,GTZAN,jazz/jazz.00086.wav,de0400148903e7ecb45145f052aa213fff1766409d5b7b2465d0612922522779,30.01,GTZAN Genre Collection,2002,test,CC-BY-NC-ND / Marsyas Academic Research,GTZAN
gtzan_jazz_00087,datasets/processed/gtzan_jazz_jazz.00087.wav,Jazz,Jazz,Global / Western,gtzan_proxy_jazz_021,GTZAN,jazz/jazz.00087.wav,060584f5f55e6fb12426b58e619aa76915411981fc5014f70fa6cec2ab224575,30.01,GTZAN Genre Collection,2002,test,CC-BY-NC-ND / Marsyas Academic Research,GTZAN
gtzan_jazz_00088,datasets/processed/gtzan_jazz_jazz.00088.wav,Jazz,Jazz,Global / Western,gtzan_proxy_jazz_022,GTZAN,jazz/jazz.00088.wav,a850cee0c65bf7f73bc47babe3d690b305a58bdb0dbdacb238d263fd80645406,30.01,GTZAN Genre Collection,2002,test,CC-BY-NC-ND / Marsyas Academic Research,GTZAN
gtzan_jazz_00089,datasets/processed/gtzan_jazz_jazz.00089.wav,Jazz,Jazz,Global / Western,gtzan_proxy_jazz_022,GTZAN,jazz/jazz.00089.wav,0eb1bf4af43d16dc7d3a829d8cfe6e7fa98806f68dddd72efa1c5c788978bd22,30.01,GTZAN Genre Collection,2002,test,CC-BY-NC-ND / Marsyas Academic Research,GTZAN
gtzan_jazz_00090,datasets/processed/gtzan_jazz_jazz.00090.wav,Jazz,Jazz,Global / Western,gtzan_proxy_jazz_022,GTZAN,jazz/jazz.00090.wav,24e096c67765e0f5b659d7f6c9a5d6e55f99c14d4d3577317db3702f313c92c0,30.01,GTZAN Genre Collection,2002,test,CC-BY-NC-ND / Marsyas Academic Research,GTZAN
gtzan_jazz_00091,datasets/processed/gtzan_jazz_jazz.00091.wav,Jazz,Jazz,Global / Western,gtzan_proxy_jazz_022,GTZAN,jazz/jazz.00091.wav,65c0a2a2188d4681a0cc9fbe8f6b3b1c0cd040ead3062d8fc8fe5ac5a94ef380,30.01,GTZAN Genre Collection,2002,test,CC-BY-NC-ND / Marsyas Academic Research,GTZAN
gtzan_jazz_00092,datasets/processed/gtzan_jazz_jazz.00092.wav,Jazz,Jazz,Global / Western,gtzan_proxy_jazz_023,GTZAN,jazz/jazz.00092.wav,d881b54305b22310c0b8744f19393e4e2911af503f35de7a5dca43a40bebecf1,30.01,GTZAN Genre Collection,2002,test,CC-BY-NC-ND / Marsyas Academic Research,GTZAN
gtzan_jazz_00093,datasets/processed/gtzan_jazz_jazz.00093.wav,Jazz,Jazz,Global / Western,gtzan_proxy_jazz_023,GTZAN,jazz/jazz.00093.wav,3f7b1c7f2abe8dd4d294fbd200e585342507ecdb61721f84481ab18c3a05341d,30.01,GTZAN Genre Collection,2002,test,CC-BY-NC-ND / Marsyas Academic Research,GTZAN
gtzan_jazz_00094,datasets/processed/gtzan_jazz_jazz.00094.wav,Jazz,Jazz,Global / Western,gtzan_proxy_jazz_023,GTZAN,jazz/jazz.00094.wav,7b80ba3eeb43dff05c01144c440a7837dfa6eefad9d36a967096cf59d34e15df,30.01,GTZAN Genre Collection,2002,test,CC-BY-NC-ND / Marsyas Academic Research,GTZAN
gtzan_jazz_00095,datasets/processed/gtzan_jazz_jazz.00095.wav,Jazz,Jazz,Global / Western,gtzan_proxy_jazz_023,GTZAN,jazz/jazz.00095.wav,f8369c23beb12ba7942c9869fe3227c56d7df7ed3fcb99db8e615cea81543497,30.01,GTZAN Genre Collection,2002,test,CC-BY-NC-ND / Marsyas Academic Research,GTZAN
gtzan_jazz_00096,datasets/processed/gtzan_jazz_jazz.00096.wav,Jazz,Jazz,Global / Western,gtzan_proxy_jazz_024,GTZAN,jazz/jazz.00096.wav,f88db19ed9cf1cc80b7208e9419f328191a884d365386e54a49ab24ebd72e416,30.01,GTZAN Genre Collection,2002,test,CC-BY-NC-ND / Marsyas Academic Research,GTZAN
gtzan_jazz_00097,datasets/processed/gtzan_jazz_jazz.00097.wav,Jazz,Jazz,Global / Western,gtzan_proxy_jazz_024,GTZAN,jazz/jazz.00097.wav,d973e59668c8e1a1da13619788cddab16771bb19b1117d9274e3684b506a8c6b,30.01,GTZAN Genre Collection,2002,test,CC-BY-NC-ND / Marsyas Academic Research,GTZAN
gtzan_jazz_00098,datasets/processed/gtzan_jazz_jazz.00098.wav,Jazz,Jazz,Global / Western,gtzan_proxy_jazz_024,GTZAN,jazz/jazz.00098.wav,2d673ea26ec7baee955d8c565db04627743380ea49cf510d72c318ad0c0e1310,30.01,GTZAN Genre Collection,2002,test,CC-BY-NC-ND / Marsyas Academic Research,GTZAN
gtzan_jazz_00099,datasets/processed/gtzan_jazz_jazz.00099.wav,Jazz,Jazz,Global / Western,gtzan_proxy_jazz_024,GTZAN,jazz/jazz.00099.wav,e78c6a00aedfcc225c967cce04a2149dfb345745a91c27ea78e2f39c90b680ee,30.01,GTZAN Genre Collection,2002,test,CC-BY-NC-ND / Marsyas Academic Research,GTZAN
gtzan_metal_00012,datasets/processed/gtzan_metal_metal.00012.wav,Metal,Metal,Global / Western,gtzan_proxy_metal_003,GTZAN,metal/metal.00012.wav,0d4fef9e481088769fc9910ff80c92f25665885cb1f74e6308831dbc77bc8331,30.0,GTZAN Genre Collection,2002,test,CC-BY-NC-ND / Marsyas Academic Research,GTZAN
gtzan_metal_00013,datasets/processed/gtzan_metal_metal.00013.wav,Metal,Metal,Global / Western,gtzan_proxy_metal_003,GTZAN,metal/metal.00013.wav,f7664f05443789ff9b066a53db39c4fb8fbafff249ba4631b5af8a5704307032,30.0,GTZAN Genre Collection,2002,test,CC-BY-NC-ND / Marsyas Academic Research,GTZAN
gtzan_metal_00014,datasets/processed/gtzan_metal_metal.00014.wav,Metal,Metal,Global / Western,gtzan_proxy_metal_003,GTZAN,metal/metal.00014.wav,5826f93f34bb8b7e6f375d83b7edad9b73bf2a6e51130020de665d13fef5b70c,30.0,GTZAN Genre Collection,2002,test,CC-BY-NC-ND / Marsyas Academic Research,GTZAN
gtzan_metal_00015,datasets/processed/gtzan_metal_metal.00015.wav,Metal,Metal,Global / Western,gtzan_proxy_metal_003,GTZAN,metal/metal.00015.wav,3858a104925c88424e8f158605b94b561115997f802930aab75ed3d21ebd13e0,30.0,GTZAN Genre Collection,2002,test,CC-BY-NC-ND / Marsyas Academic Research,GTZAN
gtzan_metal_00022,datasets/processed/gtzan_metal_metal.00022.wav,Metal,Metal,Global / Western,gtzan_proxy_metal_005,GTZAN,metal/metal.00022.wav,8cb41edf412ba54214ddd6a69ebcc52dbc4dac0d077d3bbc983893cb59c3be89,30.0,GTZAN Genre Collection,2002,test,CC-BY-NC-ND / Marsyas Academic Research,GTZAN
gtzan_metal_00023,datasets/processed/gtzan_metal_metal.00023.wav,Metal,Metal,Global / Western,gtzan_proxy_metal_005,GTZAN,metal/metal.00023.wav,ef94d2ec01fc55fe6f9ee978d7175f364105ba4b0cc16a4c0be4ce594375acf3,30.0,GTZAN Genre Collection,2002,test,CC-BY-NC-ND / Marsyas Academic Research,GTZAN
gtzan_metal_00025,datasets/processed/gtzan_metal_metal.00025.wav,Metal,Metal,Global / Western,gtzan_proxy_metal_006,GTZAN,metal/metal.00025.wav,e79b5c3a9126c2ebeb3823ce12c759883fa236d049b6479c982bb95f8e07c487,30.0,GTZAN Genre Collection,2002,test,CC-BY-NC-ND / Marsyas Academic Research,GTZAN
gtzan_metal_00026,datasets/processed/gtzan_metal_metal.00026.wav,Metal,Metal,Global / Western,gtzan_proxy_metal_006,GTZAN,metal/metal.00026.wav,d234f8936d50b346702343f0642f5cbda287742f295e5fc01748f72c54c47546,30.0,GTZAN Genre Collection,2002,test,CC-BY-NC-ND / Marsyas Academic Research,GTZAN
gtzan_metal_00027,datasets/processed/gtzan_metal_metal.00027.wav,Metal,Metal,Global / Western,gtzan_proxy_metal_006,GTZAN,metal/metal.00027.wav,d7095be558d2687303d657d60dc707853ecfca7519c762e2a613e9def993c654,30.0,GTZAN Genre Collection,2002,test,CC-BY-NC-ND / Marsyas Academic Research,GTZAN
gtzan_metal_00028,datasets/processed/gtzan_metal_metal.00028.wav,Metal,Metal,Global / Western,gtzan_proxy_metal_007,GTZAN,metal/metal.00028.wav,3119e287ddd438dde931b0cdcf387fb85699f72c6d7cf9b1e615d13ccdc56557,30.0,GTZAN Genre Collection,2002,test,CC-BY-NC-ND / Marsyas Academic Research,GTZAN
gtzan_metal_00029,datasets/processed/gtzan_metal_metal.00029.wav,Metal,Metal,Global / Western,gtzan_proxy_metal_007,GTZAN,metal/metal.00029.wav,ecf3459cee4c3e3f6ebab12e393d7d514a63d1a295681842980b542f2131ab35,30.0,GTZAN Genre Collection,2002,test,CC-BY-NC-ND / Marsyas Academic Research,GTZAN
gtzan_metal_00030,datasets/processed/gtzan_metal_metal.00030.wav,Metal,Metal,Global / Western,gtzan_proxy_metal_007,GTZAN,metal/metal.00030.wav,5cf4abef8a16b89075269d8409c006700306ed16056d69c7730cb2235bd5ea9b,30.0,GTZAN Genre Collection,2002,test,CC-BY-NC-ND / Marsyas Academic Research,GTZAN
gtzan_metal_00031,datasets/processed/gtzan_metal_metal.00031.wav,Metal,Metal,Global / Western,gtzan_proxy_metal_007,GTZAN,metal/metal.00031.wav,b8314a20ec6ecf4ab2b4ebece8dd54118c297472228db7d7931a35018a533275,30.0,GTZAN Genre Collection,2002,test,CC-BY-NC-ND / Marsyas Academic Research,GTZAN
gtzan_metal_00032,datasets/processed/gtzan_metal_metal.00032.wav,Metal,Metal,Global / Western,gtzan_proxy_metal_008,GTZAN,metal/metal.00032.wav,123c352536ea1486527f655245f20169b69a7a4663689c7b665aef776ca167fd,30.0,GTZAN Genre Collection,2002,test,CC-BY-NC-ND / Marsyas Academic Research,GTZAN
gtzan_metal_00033,datasets/processed/gtzan_metal_metal.00033.wav,Metal,Metal,Global / Western,gtzan_proxy_metal_008,GTZAN,metal/metal.00033.wav,1899d8fdb14b845667cdc7904b8a7d67a49e6daae58581c4f6cfd474f777dc51,30.0,GTZAN Genre Collection,2002,test,CC-BY-NC-ND / Marsyas Academic Research,GTZAN
gtzan_metal_00038,datasets/processed/gtzan_metal_metal.00038.wav,Metal,Metal,Global / Western,gtzan_proxy_metal_009,GTZAN,metal/metal.00038.wav,0b48bb5cb43901f046077b4edb59959d09e52981fc9831df058ab1f308e1ebea,30.0,GTZAN Genre Collection,2002,test,CC-BY-NC-ND / Marsyas Academic Research,GTZAN
gtzan_metal_00039,datasets/processed/gtzan_metal_metal.00039.wav,Metal,Metal,Global / Western,gtzan_proxy_metal_009,GTZAN,metal/metal.00039.wav,540897c048ce56b91e4291a42919ac2e79306b25fe03e79d9455442ecf4ffe98,30.0,GTZAN Genre Collection,2002,test,CC-BY-NC-ND / Marsyas Academic Research,GTZAN
gtzan_metal_00067,datasets/processed/gtzan_metal_metal.00067.wav,Metal,Metal,Global / Western,gtzan_proxy_metal_016,GTZAN,metal/metal.00067.wav,624932abe45def8920010d1f3d924f6b23efad01468b85ab019ef21c18de9996,30.0,GTZAN Genre Collection,2002,test,CC-BY-NC-ND / Marsyas Academic Research,GTZAN
gtzan_metal_00070,datasets/processed/gtzan_metal_metal.00070.wav,Metal,Metal,Global / Western,gtzan_proxy_metal_017,GTZAN,metal/metal.00070.wav,f656ab83cf22698e9e36c99e7001728a3f2e111bdb03b968298c4461a5905337,30.0,GTZAN Genre Collection,2002,test,CC-BY-NC-ND / Marsyas Academic Research,GTZAN
gtzan_metal_00073,datasets/processed/gtzan_metal_metal.00073.wav,Metal,Metal,Global / Western,gtzan_proxy_metal_018,GTZAN,metal/metal.00073.wav,994c80c6e43de29543bc4546bb66e34f9df7ac98c519cf9f962e57cd86aad30b,30.0,GTZAN Genre Collection,2002,test,CC-BY-NC-ND / Marsyas Academic Research,GTZAN
gtzan_metal_00074,datasets/processed/gtzan_metal_metal.00074.wav,Metal,Metal,Global / Western,gtzan_proxy_metal_018,GTZAN,metal/metal.00074.wav,4a2417027cc8f89d855bf10c377464e6331d8373ac9912aa84a0b9fb7aa84b58,30.0,GTZAN Genre Collection,2002,test,CC-BY-NC-ND / Marsyas Academic Research,GTZAN
gtzan_metal_00075,datasets/processed/gtzan_metal_metal.00075.wav,Metal,Metal,Global / Western,gtzan_proxy_metal_018,GTZAN,metal/metal.00075.wav,84918fafdd32aed4fb626e6c04307cc8e05e1d5b37ccc8dc9244914a20439719,30.0,GTZAN Genre Collection,2002,test,CC-BY-NC-ND / Marsyas Academic Research,GTZAN
gtzan_metal_00078,datasets/processed/gtzan_metal_metal.00078.wav,Metal,Metal,Global / Western,gtzan_proxy_metal_019,GTZAN,metal/metal.00078.wav,17637ca349a81d28451f7089e3ed5d63a12a86ee653f3e69833039dbc9323562,30.0,GTZAN Genre Collection,2002,test,CC-BY-NC-ND / Marsyas Academic Research,GTZAN
gtzan_metal_00083,datasets/processed/gtzan_metal_metal.00083.wav,Metal,Metal,Global / Western,gtzan_proxy_metal_020,GTZAN,metal/metal.00083.wav,6f2171e03a1c6e1121ccec0dce33987137f4b30f5752b38fc08c3e21cb6fb110,30.0,GTZAN Genre Collection,2002,test,CC-BY-NC-ND / Marsyas Academic Research,GTZAN
gtzan_metal_00085,datasets/processed/gtzan_metal_metal.00085.wav,Metal,Metal,Global / Western,gtzan_proxy_metal_021,GTZAN,metal/metal.00085.wav,c0ed642d8fd4873086b78c2b1b9276a410991a0294b35c806b2e51d2e5f3d56d,30.0,GTZAN Genre Collection,2002,test,CC-BY-NC-ND / Marsyas Academic Research,GTZAN
gtzan_metal_00087,datasets/processed/gtzan_metal_metal.00087.wav,Metal,Metal,Global / Western,gtzan_proxy_metal_021,GTZAN,metal/metal.00087.wav,204755ffd4af047e112c60ec602f46fcac9125d5eeb8c12257b4bc78cf0406fb,30.0,GTZAN Genre Collection,2002,test,CC-BY-NC-ND / Marsyas Academic Research,GTZAN
gtzan_metal_00088,datasets/processed/gtzan_metal_metal.00088.wav,Metal,Metal,Global / Western,gtzan_proxy_metal_022,GTZAN,metal/metal.00088.wav,dbf9684d0b545b51e5124707ca9a59c951213e01b827efe6c4596dafa912da19,30.0,GTZAN Genre Collection,2002,test,CC-BY-NC-ND / Marsyas Academic Research,GTZAN
gtzan_pop_00000,datasets/processed/gtzan_pop_pop.00000.wav,Pop,Pop,Global / Western,gtzan_proxy_pop_000,GTZAN,pop/pop.00000.wav,e57da14b6e70f122406c7b6e3e059dda74c42935647951dcad03c1df98e36fb9,30.0,GTZAN Genre Collection,2002,test,CC-BY-NC-ND / Marsyas Academic Research,GTZAN
gtzan_pop_00001,datasets/processed/gtzan_pop_pop.00001.wav,Pop,Pop,Global / Western,gtzan_proxy_pop_000,GTZAN,pop/pop.00001.wav,6d5256445b5f216fa6e3513abc213331d6a26ea4447a270b10604e55a0478d81,30.0,GTZAN Genre Collection,2002,test,CC-BY-NC-ND / Marsyas Academic Research,GTZAN
gtzan_pop_00013,datasets/processed/gtzan_pop_pop.00013.wav,Pop,Pop,Global / Western,gtzan_proxy_pop_003,GTZAN,pop/pop.00013.wav,d369cf686d9569f6124da9d726701732f77b8dbb15a2a9c0e32de384948b6419,30.0,GTZAN Genre Collection,2002,test,CC-BY-NC-ND / Marsyas Academic Research,GTZAN
gtzan_pop_00014,datasets/processed/gtzan_pop_pop.00014.wav,Pop,Pop,Global / Western,gtzan_proxy_pop_003,GTZAN,pop/pop.00014.wav,a9123aca88f17971e963d343f9c3cb98158b83180bb28328f281ceeba9fe486f,30.0,GTZAN Genre Collection,2002,test,CC-BY-NC-ND / Marsyas Academic Research,GTZAN
gtzan_pop_00043,datasets/processed/gtzan_pop_pop.00043.wav,Pop,Pop,Global / Western,gtzan_proxy_pop_010,GTZAN,pop/pop.00043.wav,cf291d430c95c538f0af9a04dbb8f1d30a693afdb1fb2ee3e730d3efc2789f6a,30.0,GTZAN Genre Collection,2002,test,CC-BY-NC-ND / Marsyas Academic Research,GTZAN
gtzan_pop_00063,datasets/processed/gtzan_pop_pop.00063.wav,Pop,Pop,Global / Western,gtzan_proxy_pop_015,GTZAN,pop/pop.00063.wav,b31e92e1a7cfc643b3568805650502e91bd7a34b9977c318ec563f133c81801e,30.0,GTZAN Genre Collection,2002,test,CC-BY-NC-ND / Marsyas Academic Research,GTZAN
gtzan_pop_00064,datasets/processed/gtzan_pop_pop.00064.wav,Pop,Pop,Global / Western,gtzan_proxy_pop_016,GTZAN,pop/pop.00064.wav,3e991a4a3cff8ff2dc5f1b2275033f7d677fafa6240bcab20d73186a4c822470,30.0,GTZAN Genre Collection,2002,test,CC-BY-NC-ND / Marsyas Academic Research,GTZAN
gtzan_pop_00065,datasets/processed/gtzan_pop_pop.00065.wav,Pop,Pop,Global / Western,gtzan_proxy_pop_016,GTZAN,pop/pop.00065.wav,86e2e182e0b0d28cacb635add3551caf1a1fb2224425c1a6d2f4b2ff9a360e80,30.0,GTZAN Genre Collection,2002,test,CC-BY-NC-ND / Marsyas Academic Research,GTZAN
gtzan_pop_00066,datasets/processed/gtzan_pop_pop.00066.wav,Pop,Pop,Global / Western,gtzan_proxy_pop_016,GTZAN,pop/pop.00066.wav,eafa72c7f0fec0580c46eaf0c2aa81486e8c84467b41e501c6eddbb63fadf5b8,30.0,GTZAN Genre Collection,2002,test,CC-BY-NC-ND / Marsyas Academic Research,GTZAN
gtzan_pop_00069,datasets/processed/gtzan_pop_pop.00069.wav,Pop,Pop,Global / Western,gtzan_proxy_pop_017,GTZAN,pop/pop.00069.wav,5e250b2858dfaa0c33a732b9eb792613bac546c90103c98f99f92f9d68a10481,30.0,GTZAN Genre Collection,2002,test,CC-BY-NC-ND / Marsyas Academic Research,GTZAN
gtzan_pop_00070,datasets/processed/gtzan_pop_pop.00070.wav,Pop,Pop,Global / Western,gtzan_proxy_pop_017,GTZAN,pop/pop.00070.wav,d3b22df46baff89d557740fd14fab0d2f608ef2bd320268af622645d8b8e8119,30.0,GTZAN Genre Collection,2002,test,CC-BY-NC-ND / Marsyas Academic Research,GTZAN
gtzan_pop_00071,datasets/processed/gtzan_pop_pop.00071.wav,Pop,Pop,Global / Western,gtzan_proxy_pop_017,GTZAN,pop/pop.00071.wav,00d432325dba115d5d539131d90c9114ccbfdede095056d2b4c743af3c9dec1d,30.0,GTZAN Genre Collection,2002,test,CC-BY-NC-ND / Marsyas Academic Research,GTZAN
gtzan_pop_00072,datasets/processed/gtzan_pop_pop.00072.wav,Pop,Pop,Global / Western,gtzan_proxy_pop_018,GTZAN,pop/pop.00072.wav,424430da8ccc1756d68bf3277e7063a873ca0f79bfbde2c3dd0a2fdbb3052ae5,30.0,GTZAN Genre Collection,2002,test,CC-BY-NC-ND / Marsyas Academic Research,GTZAN
gtzan_pop_00073,datasets/processed/gtzan_pop_pop.00073.wav,Pop,Pop,Global / Western,gtzan_proxy_pop_018,GTZAN,pop/pop.00073.wav,9fa1cfa82ea4c792fb577b3cca6f99c0a9fc00041b6a3542340282fc81dc2f84,30.0,GTZAN Genre Collection,2002,test,CC-BY-NC-ND / Marsyas Academic Research,GTZAN
gtzan_pop_00074,datasets/processed/gtzan_pop_pop.00074.wav,Pop,Pop,Global / Western,gtzan_proxy_pop_018,GTZAN,pop/pop.00074.wav,c3b404435d514d7430d60b0cb4d331b8b02ef3b734f3b3a93091214f22c4448c,30.0,GTZAN Genre Collection,2002,test,CC-BY-NC-ND / Marsyas Academic Research,GTZAN
gtzan_pop_00075,datasets/processed/gtzan_pop_pop.00075.wav,Pop,Pop,Global / Western,gtzan_proxy_pop_018,GTZAN,pop/pop.00075.wav,17a26172ae734f0da302a28fa25038a4ce39e8e31e088246c539ddd1061fc2de,30.0,GTZAN Genre Collection,2002,test,CC-BY-NC-ND / Marsyas Academic Research,GTZAN
gtzan_pop_00076,datasets/processed/gtzan_pop_pop.00076.wav,Pop,Pop,Global / Western,gtzan_proxy_pop_019,GTZAN,pop/pop.00076.wav,3795a749f7bfdbff4827f5c8c7b193eb2f2e88e690936e131cfbcc6b86882d2f,30.0,GTZAN Genre Collection,2002,test,CC-BY-NC-ND / Marsyas Academic Research,GTZAN
gtzan_pop_00077,datasets/processed/gtzan_pop_pop.00077.wav,Pop,Pop,Global / Western,gtzan_proxy_pop_019,GTZAN,pop/pop.00077.wav,fe87b9c2dc08f4f97a983930ffec6da23523e21833706436a35999abe3117439,30.0,GTZAN Genre Collection,2002,test,CC-BY-NC-ND / Marsyas Academic Research,GTZAN
gtzan_pop_00078,datasets/processed/gtzan_pop_pop.00078.wav,Pop,Pop,Global / Western,gtzan_proxy_pop_019,GTZAN,pop/pop.00078.wav,ff1a58fe2221ae7ba01bf1dca824646573941a33daba8f4bf0d377cd1a7863aa,30.0,GTZAN Genre Collection,2002,test,CC-BY-NC-ND / Marsyas Academic Research,GTZAN
gtzan_pop_00079,datasets/processed/gtzan_pop_pop.00079.wav,Pop,Pop,Global / Western,gtzan_proxy_pop_019,GTZAN,pop/pop.00079.wav,690be99d6f9394f27040bea30ee1f224258666e34cf7ab5ad7939a088131d3db,30.0,GTZAN Genre Collection,2002,test,CC-BY-NC-ND / Marsyas Academic Research,GTZAN
gtzan_pop_00082,datasets/processed/gtzan_pop_pop.00082.wav,Pop,Pop,Global / Western,gtzan_proxy_pop_020,GTZAN,pop/pop.00082.wav,afdc6e4441633369dd02b0c9f44aafd5d225b458c1ed81c5e07cd9652fe23161,30.0,GTZAN Genre Collection,2002,test,CC-BY-NC-ND / Marsyas Academic Research,GTZAN
gtzan_pop_00088,datasets/processed/gtzan_pop_pop.00088.wav,Pop,Pop,Global / Western,gtzan_proxy_pop_022,GTZAN,pop/pop.00088.wav,835274cd5fcb8c766bf9132d78b32084ffb831a350021ecfb7dfcbe58f0e0a70,30.0,GTZAN Genre Collection,2002,test,CC-BY-NC-ND / Marsyas Academic Research,GTZAN
gtzan_pop_00089,datasets/processed/gtzan_pop_pop.00089.wav,Pop,Pop,Global / Western,gtzan_proxy_pop_022,GTZAN,pop/pop.00089.wav,556180f3ce7f4f3b349913f89d7e7c7e06e9d905e813807c7edd0b83e9d94579,30.0,GTZAN Genre Collection,2002,test,CC-BY-NC-ND / Marsyas Academic Research,GTZAN
gtzan_pop_00090,datasets/processed/gtzan_pop_pop.00090.wav,Pop,Pop,Global / Western,gtzan_proxy_pop_022,GTZAN,pop/pop.00090.wav,2fa2ab3110b253f430ce57dd6b46116a59c3607cb0cea5fe335acc84f056fd36,30.0,GTZAN Genre Collection,2002,test,CC-BY-NC-ND / Marsyas Academic Research,GTZAN
gtzan_pop_00091,datasets/processed/gtzan_pop_pop.00091.wav,Pop,Pop,Global / Western,gtzan_proxy_pop_022,GTZAN,pop/pop.00091.wav,812f74a9fc4f3410d7275ff7d7699e89a7c07bed29df616be42be0e186fbe503,30.0,GTZAN Genre Collection,2002,test,CC-BY-NC-ND / Marsyas Academic Research,GTZAN
gtzan_pop_00092,datasets/processed/gtzan_pop_pop.00092.wav,Pop,Pop,Global / Western,gtzan_proxy_pop_023,GTZAN,pop/pop.00092.wav,6b954fd28de38b3284f48dc4e8f39095753f87cd5c3ee6772a4543b1bd502df6,30.0,GTZAN Genre Collection,2002,test,CC-BY-NC-ND / Marsyas Academic Research,GTZAN
gtzan_pop_00093,datasets/processed/gtzan_pop_pop.00093.wav,Pop,Pop,Global / Western,gtzan_proxy_pop_023,GTZAN,pop/pop.00093.wav,c9e636a4f73523d0d5f37e859415cf551c13a39a0cab37864da9921963e3d3e6,30.0,GTZAN Genre Collection,2002,test,CC-BY-NC-ND / Marsyas Academic Research,GTZAN
gtzan_pop_00094,datasets/processed/gtzan_pop_pop.00094.wav,Pop,Pop,Global / Western,gtzan_proxy_pop_023,GTZAN,pop/pop.00094.wav,5f26de113525f533e3c253a2bb13e47614d17c0df769653d5359197f6f99a280,30.0,GTZAN Genre Collection,2002,test,CC-BY-NC-ND / Marsyas Academic Research,GTZAN
gtzan_pop_00095,datasets/processed/gtzan_pop_pop.00095.wav,Pop,Pop,Global / Western,gtzan_proxy_pop_023,GTZAN,pop/pop.00095.wav,57ac6ea3a8a65348a7e30fe83caf4c80137f590491b8a932c4da9305e2620616,30.0,GTZAN Genre Collection,2002,test,CC-BY-NC-ND / Marsyas Academic Research,GTZAN
gtzan_pop_00096,datasets/processed/gtzan_pop_pop.00096.wav,Pop,Pop,Global / Western,gtzan_proxy_pop_024,GTZAN,pop/pop.00096.wav,1523a39d621b2859f00868241d74b92da945ce5d6f9aea640e0c7ef3a4f27fd0,30.0,GTZAN Genre Collection,2002,test,CC-BY-NC-ND / Marsyas Academic Research,GTZAN
gtzan_reggae_00034,datasets/processed/gtzan_reggae_reggae.00034.wav,Reggae,Reggae,Global / Western,gtzan_proxy_reggae_008,GTZAN,reggae/reggae.00034.wav,b27a1241507f14f2c50585d4223e0642ed9b3e7fdd628b2d06519748b3717acd,30.01,GTZAN Genre Collection,2002,test,CC-BY-NC-ND / Marsyas Academic Research,GTZAN
gtzan_reggae_00035,datasets/processed/gtzan_reggae_reggae.00035.wav,Reggae,Reggae,Global / Western,gtzan_proxy_reggae_008,GTZAN,reggae/reggae.00035.wav,ede62419adc2dea878315f82380faaeb1225d37a7b06e65b2d11ed0a921d16e9,30.01,GTZAN Genre Collection,2002,test,CC-BY-NC-ND / Marsyas Academic Research,GTZAN
gtzan_reggae_00036,datasets/processed/gtzan_reggae_reggae.00036.wav,Reggae,Reggae,Global / Western,gtzan_proxy_reggae_009,GTZAN,reggae/reggae.00036.wav,75691d525efa5dbc951408fb0127208622c6273287201f2d9fcb9d3bfdf07c1e,30.01,GTZAN Genre Collection,2002,test,CC-BY-NC-ND / Marsyas Academic Research,GTZAN
gtzan_reggae_00037,datasets/processed/gtzan_reggae_reggae.00037.wav,Reggae,Reggae,Global / Western,gtzan_proxy_reggae_009,GTZAN,reggae/reggae.00037.wav,f7318b12722ce618813823a924dc055bccdb86b7f741feff35ddc0e4435524ea,30.01,GTZAN Genre Collection,2002,test,CC-BY-NC-ND / Marsyas Academic Research,GTZAN
gtzan_reggae_00038,datasets/processed/gtzan_reggae_reggae.00038.wav,Reggae,Reggae,Global / Western,gtzan_proxy_reggae_009,GTZAN,reggae/reggae.00038.wav,b62793c9c7f0737c8713d96169cb94f0b6786f2965b9718af131774235211332,30.01,GTZAN Genre Collection,2002,test,CC-BY-NC-ND / Marsyas Academic Research,GTZAN
gtzan_reggae_00039,datasets/processed/gtzan_reggae_reggae.00039.wav,Reggae,Reggae,Global / Western,gtzan_proxy_reggae_009,GTZAN,reggae/reggae.00039.wav,25cb5c68831d20f78a2c2d45983a941db457d70b3e8576aae89d3c8914ff2ed5,30.01,GTZAN Genre Collection,2002,test,CC-BY-NC-ND / Marsyas Academic Research,GTZAN
gtzan_reggae_00040,datasets/processed/gtzan_reggae_reggae.00040.wav,Reggae,Reggae,Global / Western,gtzan_proxy_reggae_010,GTZAN,reggae/reggae.00040.wav,4d8067a6e89617455e893fa54dadcc85f173b8045cfaaba9c42d62e9187bfc71,30.01,GTZAN Genre Collection,2002,test,CC-BY-NC-ND / Marsyas Academic Research,GTZAN
gtzan_reggae_00046,datasets/processed/gtzan_reggae_reggae.00046.wav,Reggae,Reggae,Global / Western,gtzan_proxy_reggae_011,GTZAN,reggae/reggae.00046.wav,1a67a951a1308020ba2dbe2b11849878c8831a4db80f0bba4a8aaad6a111947f,30.0,GTZAN Genre Collection,2002,test,CC-BY-NC-ND / Marsyas Academic Research,GTZAN
gtzan_reggae_00047,datasets/processed/gtzan_reggae_reggae.00047.wav,Reggae,Reggae,Global / Western,gtzan_proxy_reggae_011,GTZAN,reggae/reggae.00047.wav,5d8622c07112b1f3b8fe5439e2b20750138508d95850bc28afea94bdcc6073d5,30.0,GTZAN Genre Collection,2002,test,CC-BY-NC-ND / Marsyas Academic Research,GTZAN
gtzan_reggae_00048,datasets/processed/gtzan_reggae_reggae.00048.wav,Reggae,Reggae,Global / Western,gtzan_proxy_reggae_012,GTZAN,reggae/reggae.00048.wav,6512cdf29082c9b4867a2bf636c7ee72100f0141109647d05fa60116e7427824,30.0,GTZAN Genre Collection,2002,test,CC-BY-NC-ND / Marsyas Academic Research,GTZAN
gtzan_reggae_00052,datasets/processed/gtzan_reggae_reggae.00052.wav,Reggae,Reggae,Global / Western,gtzan_proxy_reggae_013,GTZAN,reggae/reggae.00052.wav,7a1f537b16673de89ddd939faab6a7d7242ff04d1d153bc03a314b8b07287691,30.0,GTZAN Genre Collection,2002,test,CC-BY-NC-ND / Marsyas Academic Research,GTZAN
gtzan_reggae_00053,datasets/processed/gtzan_reggae_reggae.00053.wav,Reggae,Reggae,Global / Western,gtzan_proxy_reggae_013,GTZAN,reggae/reggae.00053.wav,fa78b6a72c8eb0a47ce4f62d077a85f4550421284612e82f6a1a0e4c88ade36a,30.0,GTZAN Genre Collection,2002,test,CC-BY-NC-ND / Marsyas Academic Research,GTZAN
gtzan_reggae_00064,datasets/processed/gtzan_reggae_reggae.00064.wav,Reggae,Reggae,Global / Western,gtzan_proxy_reggae_016,GTZAN,reggae/reggae.00064.wav,48dfc8715a32a3845851f0a4c64e67ca18ec5d177fca50d60684238828b1e28c,30.0,GTZAN Genre Collection,2002,test,CC-BY-NC-ND / Marsyas Academic Research,GTZAN
gtzan_reggae_00065,datasets/processed/gtzan_reggae_reggae.00065.wav,Reggae,Reggae,Global / Western,gtzan_proxy_reggae_016,GTZAN,reggae/reggae.00065.wav,0373cd930fe4da568cb32658f3f1b94ba17154d2d0a74ea3236cafedef4de908,30.0,GTZAN Genre Collection,2002,test,CC-BY-NC-ND / Marsyas Academic Research,GTZAN
gtzan_reggae_00066,datasets/processed/gtzan_reggae_reggae.00066.wav,Reggae,Reggae,Global / Western,gtzan_proxy_reggae_016,GTZAN,reggae/reggae.00066.wav,8eaba69574181e8523fe9b1ae3097d1e3084875655bf9c3389dcb2b7d91d785e,30.0,GTZAN Genre Collection,2002,test,CC-BY-NC-ND / Marsyas Academic Research,GTZAN
gtzan_reggae_00067,datasets/processed/gtzan_reggae_reggae.00067.wav,Reggae,Reggae,Global / Western,gtzan_proxy_reggae_016,GTZAN,reggae/reggae.00067.wav,a2bd977ef1baa37c56366b45fe9b4446776f9b7b507efe5918c16294ff2446c2,30.0,GTZAN Genre Collection,2002,test,CC-BY-NC-ND / Marsyas Academic Research,GTZAN
gtzan_reggae_00068,datasets/processed/gtzan_reggae_reggae.00068.wav,Reggae,Reggae,Global / Western,gtzan_proxy_reggae_017,GTZAN,reggae/reggae.00068.wav,836c9eaec1966db0d32ffff76ae192df938fb9f9299b9a7934420b5aae233820,30.0,GTZAN Genre Collection,2002,test,CC-BY-NC-ND / Marsyas Academic Research,GTZAN
gtzan_reggae_00071,datasets/processed/gtzan_reggae_reggae.00071.wav,Reggae,Reggae,Global / Western,gtzan_proxy_reggae_017,GTZAN,reggae/reggae.00071.wav,62530dd227fddc682ce311c62948cae7db7208efb70f971da6f5e5291007b105,30.0,GTZAN Genre Collection,2002,test,CC-BY-NC-ND / Marsyas Academic Research,GTZAN
gtzan_reggae_00079,datasets/processed/gtzan_reggae_reggae.00079.wav,Reggae,Reggae,Global / Western,gtzan_proxy_reggae_019,GTZAN,reggae/reggae.00079.wav,af5b881858b86d468c6def9035de28f3316f2486020e3fd58223b898911a67a4,30.0,GTZAN Genre Collection,2002,test,CC-BY-NC-ND / Marsyas Academic Research,GTZAN
gtzan_reggae_00082,datasets/processed/gtzan_reggae_reggae.00082.wav,Reggae,Reggae,Global / Western,gtzan_proxy_reggae_020,GTZAN,reggae/reggae.00082.wav,9c15193726d22da4ab55f805f391bf2a3d1f78e9df62ae403a09324f3e6d9884,30.0,GTZAN Genre Collection,2002,test,CC-BY-NC-ND / Marsyas Academic Research,GTZAN
gtzan_reggae_00083,datasets/processed/gtzan_reggae_reggae.00083.wav,Reggae,Reggae,Global / Western,gtzan_proxy_reggae_020,GTZAN,reggae/reggae.00083.wav,7d5c8010235330a13a229a53b5fd1bfc22278aa02353037729ecb6579e5a50b3,30.0,GTZAN Genre Collection,2002,test,CC-BY-NC-ND / Marsyas Academic Research,GTZAN
gtzan_reggae_00084,datasets/processed/gtzan_reggae_reggae.00084.wav,Reggae,Reggae,Global / Western,gtzan_proxy_reggae_021,GTZAN,reggae/reggae.00084.wav,395864e7e2643c0718b078fbf72fd5ee47c453c6c5b3079c2936d827042e98b6,30.0,GTZAN Genre Collection,2002,test,CC-BY-NC-ND / Marsyas Academic Research,GTZAN
gtzan_reggae_00087,datasets/processed/gtzan_reggae_reggae.00087.wav,Reggae,Reggae,Global / Western,gtzan_proxy_reggae_021,GTZAN,reggae/reggae.00087.wav,6574d61bde33986b309b73f6e297d805fea6c7dbe551a245e9dc6c3bd84a5e4a,30.0,GTZAN Genre Collection,2002,test,CC-BY-NC-ND / Marsyas Academic Research,GTZAN
gtzan_reggae_00088,datasets/processed/gtzan_reggae_reggae.00088.wav,Reggae,Reggae,Global / Western,gtzan_proxy_reggae_022,GTZAN,reggae/reggae.00088.wav,9c6ab399ab23b84f5e60bb7c83d514824e6357720092d5981f0e2f804a54cac1,30.0,GTZAN Genre Collection,2002,test,CC-BY-NC-ND / Marsyas Academic Research,GTZAN
gtzan_reggae_00089,datasets/processed/gtzan_reggae_reggae.00089.wav,Reggae,Reggae,Global / Western,gtzan_proxy_reggae_022,GTZAN,reggae/reggae.00089.wav,27fa2bfac39e97854edf3b36a90bb6f08577fdb07a84751eb9f3067c66390a75,30.0,GTZAN Genre Collection,2002,test,CC-BY-NC-ND / Marsyas Academic Research,GTZAN
gtzan_reggae_00090,datasets/processed/gtzan_reggae_reggae.00090.wav,Reggae,Reggae,Global / Western,gtzan_proxy_reggae_022,GTZAN,reggae/reggae.00090.wav,2a250cf37468111d2b0bbd26fe86704a73ad4d5a278aebb406f764784e9f6831,30.0,GTZAN Genre Collection,2002,test,CC-BY-NC-ND / Marsyas Academic Research,GTZAN
gtzan_rock_00010,datasets/processed/gtzan_rock_rock.00010.wav,Rock,Rock,Global / Western,gtzan_proxy_rock_002,GTZAN,rock/rock.00010.wav,a418f2c2294b5da25d5baf81b263b894db1b78c5f2c431dea7e0e05196c89848,30.01,GTZAN Genre Collection,2002,test,CC-BY-NC-ND / Marsyas Academic Research,GTZAN
gtzan_rock_00011,datasets/processed/gtzan_rock_rock.00011.wav,Rock,Rock,Global / Western,gtzan_proxy_rock_002,GTZAN,rock/rock.00011.wav,95dc414c14e1b75a395835ca1bd9e49158466ee251f13b1e6fb3006cfe925b32,30.01,GTZAN Genre Collection,2002,test,CC-BY-NC-ND / Marsyas Academic Research,GTZAN
gtzan_rock_00012,datasets/processed/gtzan_rock_rock.00012.wav,Rock,Rock,Global / Western,gtzan_proxy_rock_003,GTZAN,rock/rock.00012.wav,1afc1193ff6357b3ffa4bd7736e1f3bb3b518706e3fcf244af369a35421b7d3e,30.01,GTZAN Genre Collection,2002,test,CC-BY-NC-ND / Marsyas Academic Research,GTZAN
gtzan_rock_00013,datasets/processed/gtzan_rock_rock.00013.wav,Rock,Rock,Global / Western,gtzan_proxy_rock_003,GTZAN,rock/rock.00013.wav,1e56a035f2db3e6f13652c22cac99190ff9c4c1d192ede00e3c42b2c5dd0771a,30.01,GTZAN Genre Collection,2002,test,CC-BY-NC-ND / Marsyas Academic Research,GTZAN
gtzan_rock_00014,datasets/processed/gtzan_rock_rock.00014.wav,Rock,Rock,Global / Western,gtzan_proxy_rock_003,GTZAN,rock/rock.00014.wav,1f519317b7b89a0e84f8046d6e0c38f8de5bacbeb3f50cc4605312e3300940b5,30.01,GTZAN Genre Collection,2002,test,CC-BY-NC-ND / Marsyas Academic Research,GTZAN
gtzan_rock_00015,datasets/processed/gtzan_rock_rock.00015.wav,Rock,Rock,Global / Western,gtzan_proxy_rock_003,GTZAN,rock/rock.00015.wav,3543a29779b1fc2bc3e1c5557718835771366ea349f920701ff4ff296b92fab6,30.01,GTZAN Genre Collection,2002,test,CC-BY-NC-ND / Marsyas Academic Research,GTZAN
gtzan_rock_00027,datasets/processed/gtzan_rock_rock.00027.wav,Rock,Rock,Global / Western,gtzan_proxy_rock_006,GTZAN,rock/rock.00027.wav,73926b501114738a373b2060b0a8f121df1febad9eed22aff96e5f76595aef1e,30.0,GTZAN Genre Collection,2002,test,CC-BY-NC-ND / Marsyas Academic Research,GTZAN
gtzan_rock_00028,datasets/processed/gtzan_rock_rock.00028.wav,Rock,Rock,Global / Western,gtzan_proxy_rock_007,GTZAN,rock/rock.00028.wav,e2d18720a403ab19d632cc1fa1dfa7998060e71b418af90dfd45cfb185c4a5ff,30.01,GTZAN Genre Collection,2002,test,CC-BY-NC-ND / Marsyas Academic Research,GTZAN
gtzan_rock_00029,datasets/processed/gtzan_rock_rock.00029.wav,Rock,Rock,Global / Western,gtzan_proxy_rock_007,GTZAN,rock/rock.00029.wav,63ffac1d82cfc44270b54198e0145b6f988cb0e5fffe37f1fec0d9d684983ac5,30.01,GTZAN Genre Collection,2002,test,CC-BY-NC-ND / Marsyas Academic Research,GTZAN
gtzan_rock_00030,datasets/processed/gtzan_rock_rock.00030.wav,Rock,Rock,Global / Western,gtzan_proxy_rock_007,GTZAN,rock/rock.00030.wav,fbd614812ba309db4015ce58ecdc93e964074bef82c5d08d1b98250ecaf3079b,30.01,GTZAN Genre Collection,2002,test,CC-BY-NC-ND / Marsyas Academic Research,GTZAN
gtzan_rock_00031,datasets/processed/gtzan_rock_rock.00031.wav,Rock,Rock,Global / Western,gtzan_proxy_rock_007,GTZAN,rock/rock.00031.wav,af08de1898c11230b25134f5b423cb1019630c091a7b85a31815127fed5f0954,30.01,GTZAN Genre Collection,2002,test,CC-BY-NC-ND / Marsyas Academic Research,GTZAN
gtzan_rock_00032,datasets/processed/gtzan_rock_rock.00032.wav,Rock,Rock,Global / Western,gtzan_proxy_rock_008,GTZAN,rock/rock.00032.wav,4f86207723b3e8bcf32fa83c38027af906a08feba439b16e93858202d3b986fb,30.4,GTZAN Genre Collection,2002,test,CC-BY-NC-ND / Marsyas Academic Research,GTZAN
gtzan_rock_00033,datasets/processed/gtzan_rock_rock.00033.wav,Rock,Rock,Global / Western,gtzan_proxy_rock_008,GTZAN,rock/rock.00033.wav,61d5a02a9165c54d0f3315128891e154c68ba0c47ebc412be44bf359c3d8036a,30.01,GTZAN Genre Collection,2002,test,CC-BY-NC-ND / Marsyas Academic Research,GTZAN
gtzan_rock_00034,datasets/processed/gtzan_rock_rock.00034.wav,Rock,Rock,Global / Western,gtzan_proxy_rock_008,GTZAN,rock/rock.00034.wav,ed857e3fbf731373a12efe2bb4dd4b0d7748e432dfba46867096553cc893d72d,30.36,GTZAN Genre Collection,2002,test,CC-BY-NC-ND / Marsyas Academic Research,GTZAN
gtzan_rock_00035,datasets/processed/gtzan_rock_rock.00035.wav,Rock,Rock,Global / Western,gtzan_proxy_rock_008,GTZAN,rock/rock.00035.wav,cc4f7d1ed6ee2df56d6bf83e8fa40db79655c5c45ecc44d65f26fc1a5d960af7,30.01,GTZAN Genre Collection,2002,test,CC-BY-NC-ND / Marsyas Academic Research,GTZAN
gtzan_rock_00036,datasets/processed/gtzan_rock_rock.00036.wav,Rock,Rock,Global / Western,gtzan_proxy_rock_009,GTZAN,rock/rock.00036.wav,fdbd52c91b0139bd47240f2290676ad8277427c08c449c89319e14f1acd8e32a,30.29,GTZAN Genre Collection,2002,test,CC-BY-NC-ND / Marsyas Academic Research,GTZAN
gtzan_rock_00037,datasets/processed/gtzan_rock_rock.00037.wav,Rock,Rock,Global / Western,gtzan_proxy_rock_009,GTZAN,rock/rock.00037.wav,14e8b6faed130f393d84717bfbc402066d9431e92901e508d001ba995ebbf404,30.01,GTZAN Genre Collection,2002,test,CC-BY-NC-ND / Marsyas Academic Research,GTZAN
gtzan_rock_00039,datasets/processed/gtzan_rock_rock.00039.wav,Rock,Rock,Global / Western,gtzan_proxy_rock_009,GTZAN,rock/rock.00039.wav,717bb5263b41562a968786c9e2dd27b8b4e850936fb82374d1dc0166cbb71bc9,30.01,GTZAN Genre Collection,2002,test,CC-BY-NC-ND / Marsyas Academic Research,GTZAN
gtzan_rock_00040,datasets/processed/gtzan_rock_rock.00040.wav,Rock,Rock,Global / Western,gtzan_proxy_rock_010,GTZAN,rock/rock.00040.wav,16c3c055b6b91086cf55336bfb557649b8ac67f59db30fb1d6ad7a24f03bea02,30.01,GTZAN Genre Collection,2002,test,CC-BY-NC-ND / Marsyas Academic Research,GTZAN
gtzan_rock_00041,datasets/processed/gtzan_rock_rock.00041.wav,Rock,Rock,Global / Western,gtzan_proxy_rock_010,GTZAN,rock/rock.00041.wav,625375a379a480db4630c2ddd0b6f61da3d3ee22a9462c9edfbf31a112293a28,30.01,GTZAN Genre Collection,2002,test,CC-BY-NC-ND / Marsyas Academic Research,GTZAN
gtzan_rock_00042,datasets/processed/gtzan_rock_rock.00042.wav,Rock,Rock,Global / Western,gtzan_proxy_rock_010,GTZAN,rock/rock.00042.wav,0cbb83df5866baab71385a40eb2a3d8f6f9c631eb5ea06c3e33bd9507a82d235,30.01,GTZAN Genre Collection,2002,test,CC-BY-NC-ND / Marsyas Academic Research,GTZAN
gtzan_rock_00043,datasets/processed/gtzan_rock_rock.00043.wav,Rock,Rock,Global / Western,gtzan_proxy_rock_010,GTZAN,rock/rock.00043.wav,7188c5a980a339f356ae022e428e233f3afaf659cdd39b0a39fe7d52c56d0faf,30.01,GTZAN Genre Collection,2002,test,CC-BY-NC-ND / Marsyas Academic Research,GTZAN
gtzan_rock_00044,datasets/processed/gtzan_rock_rock.00044.wav,Rock,Rock,Global / Western,gtzan_proxy_rock_011,GTZAN,rock/rock.00044.wav,a5c8bc443ed242e23fbf960ba040c8fdedded4e3707fc1f9cd885a7965e0fb1c,30.01,GTZAN Genre Collection,2002,test,CC-BY-NC-ND / Marsyas Academic Research,GTZAN
gtzan_rock_00045,datasets/processed/gtzan_rock_rock.00045.wav,Rock,Rock,Global / Western,gtzan_proxy_rock_011,GTZAN,rock/rock.00045.wav,3abb1d1bf13e4f333d677f37fe31426deaa12e1f9b624d97f6708b201360bf8d,30.01,GTZAN Genre Collection,2002,test,CC-BY-NC-ND / Marsyas Academic Research,GTZAN
gtzan_rock_00046,datasets/processed/gtzan_rock_rock.00046.wav,Rock,Rock,Global / Western,gtzan_proxy_rock_011,GTZAN,rock/rock.00046.wav,5c87b882ead22b8851e647ff10d49759f67dd02b40d7f1a33a2ad2acfa3b084d,30.01,GTZAN Genre Collection,2002,test,CC-BY-NC-ND / Marsyas Academic Research,GTZAN
gtzan_rock_00047,datasets/processed/gtzan_rock_rock.00047.wav,Rock,Rock,Global / Western,gtzan_proxy_rock_011,GTZAN,rock/rock.00047.wav,a0856c421ecf946d4c55009786288e2483ae9304f13c006481adb9eedc3991e3,30.01,GTZAN Genre Collection,2002,test,CC-BY-NC-ND / Marsyas Academic Research,GTZAN
gtzan_rock_00048,datasets/processed/gtzan_rock_rock.00048.wav,Rock,Rock,Global / Western,gtzan_proxy_rock_012,GTZAN,rock/rock.00048.wav,ddf7b677b09a51fb7ea74c9aa5e6a43a27226d181b5a7ad34517ce624517d350,30.01,GTZAN Genre Collection,2002,test,CC-BY-NC-ND / Marsyas Academic Research,GTZAN
gtzan_rock_00086,datasets/processed/gtzan_rock_rock.00086.wav,Rock,Rock,Global / Western,gtzan_proxy_rock_021,GTZAN,rock/rock.00086.wav,aeb4c782bb07ffa95dde8e4df542595b38525ab4ac0621dd0e69109d3dd81fc9,30.01,GTZAN Genre Collection,2002,test,CC-BY-NC-ND / Marsyas Academic Research,GTZAN
gtzan_rock_00087,datasets/processed/gtzan_rock_rock.00087.wav,Rock,Rock,Global / Western,gtzan_proxy_rock_021,GTZAN,rock/rock.00087.wav,a79d6075af1b0230d9f4b1aaadf4bf51e8d1c6fad4034d0e6b3ab592ae0a2f7a,30.01,GTZAN Genre Collection,2002,test,CC-BY-NC-ND / Marsyas Academic Research,GTZAN
gtzan_rock_00088,datasets/processed/gtzan_rock_rock.00088.wav,Rock,Rock,Global / Western,gtzan_proxy_rock_022,GTZAN,rock/rock.00088.wav,1c30f6fcb00c309ac041cb74699d6656f826de38c8d8b710cca6f76437ab69b2,30.01,GTZAN Genre Collection,2002,test,CC-BY-NC-ND / Marsyas Academic Research,GTZAN
gtzan_rock_00089,datasets/processed/gtzan_rock_rock.00089.wav,Rock,Rock,Global / Western,gtzan_proxy_rock_022,GTZAN,rock/rock.00089.wav,c45f345b6d894783ccffdc2b0a5005ada605c0b7cbb0fe7e1c1957fa8073281c,30.01,GTZAN Genre Collection,2002,test,CC-BY-NC-ND / Marsyas Academic Research,GTZAN
gtzan_rock_00090,datasets/processed/gtzan_rock_rock.00090.wav,Rock,Rock,Global / Western,gtzan_proxy_rock_022,GTZAN,rock/rock.00090.wav,3e232bd80375f5b9aa73171c9adad5015abdcaf817137093c4e7044ed6fd36af,30.01,GTZAN Genre Collection,2002,test,CC-BY-NC-ND / Marsyas Academic Research,GTZAN
fma_ambient_141137,datasets/processed/fma_ambient_141137.mp3,Ambient,Ambient / Drone,Global / Western,fma_artist_22533,Free Music Archive (FMA),141137,09be7c702f07eb17363725197e6e37bdb97fd7d4087046d70580533058d6923e,29.98,The Giant Illusion (A Compilation),2017,train,Creative Commons Attribution-NonCommercial-NoDerivatives 4.0,FMA
fma_ambient_141139,datasets/processed/fma_ambient_141139.mp3,Ambient,Ambient / Drone,Global / Western,fma_artist_22533,Free Music Archive (FMA),141139,32192d527c5e37ee76dbf14c0f1cdd1a840033d512f1e74c57a774bd1f5ac7e6,30.0,The Giant Illusion (A Compilation),2017,train,Creative Commons Attribution-NonCommercial-NoDerivatives 4.0,FMA
fma_ambient_141141,datasets/processed/fma_ambient_141141.mp3,Ambient,Ambient / Drone,Global / Western,fma_artist_22533,Free Music Archive (FMA),141141,9cdc026759651cf968256249310669d35b0339023fb810479863b2b503a9fe27,29.98,The Giant Illusion (A Compilation),2017,train,Creative Commons Attribution-NonCommercial-NoDerivatives 4.0,FMA
fma_ambient_141143,datasets/processed/fma_ambient_141143.mp3,Ambient,Ambient / Drone,Global / Western,fma_artist_22533,Free Music Archive (FMA),141143,1a64da58f178b282920569ebebb4d6b25a1a7a88baf81bd2f7b08326c824b53e,29.98,The Giant Illusion (A Compilation),2017,train,Creative Commons Attribution-NonCommercial-NoDerivatives 4.0,FMA
fma_ambient_141282,datasets/processed/fma_ambient_141282.mp3,Ambient,Ambient / Drone,Global / Western,fma_artist_22551,Free Music Archive (FMA),141282,a3c3303ec51ac4bee993631be63d666d9daa29e9a2b1b2bbd4f9acb44cb3a04a,30.0,CC BY-SA 4.0,2017,train,Attribution-ShareAlike,FMA
fma_ambient_141283,datasets/processed/fma_ambient_141283.mp3,Ambient,Ambient / Drone,Global / Western,fma_artist_22551,Free Music Archive (FMA),141283,31f43ffe22182a8a0de52d99d37d6b4b1c3851eb2403f3cca4cd2fa6a21ec26d,29.98,CC BY-SA 4.0,2017,train,Attribution-ShareAlike,FMA
fma_ambient_141284,datasets/processed/fma_ambient_141284.mp3,Ambient,Ambient / Drone,Global / Western,fma_artist_22551,Free Music Archive (FMA),141284,1a60a69f9812f7b39c832f8754a6427a8cf93e21f1a1be21c98ea4e722d8287a,29.98,CC BY-SA 4.0,2017,train,Attribution-ShareAlike,FMA
fma_ambient_141285,datasets/processed/fma_ambient_141285.mp3,Ambient,Ambient / Drone,Global / Western,fma_artist_22551,Free Music Archive (FMA),141285,eaf75181eeddd9c1b3a3cdd8219cee5b289f2af692d334a0022781578876d29a,29.98,CC BY-SA 4.0,2017,train,Attribution-ShareAlike,FMA
fma_ambient_141286,datasets/processed/fma_ambient_141286.mp3,Ambient,Ambient / Drone,Global / Western,fma_artist_22551,Free Music Archive (FMA),141286,db30342b70c013bf0aea8cfbc3335dc3b73097b0f01081e7a301deeaa773e561,30.0,CC BY-SA 4.0,2017,train,Attribution-ShareAlike,FMA
fma_ambient_133535,datasets/processed/fma_ambient_133535.mp3,Ambient,Ambient / Drone,Global / Western,fma_artist_21616,Free Music Archive (FMA),133535,d1d0e5ec4ae0947c920e9ed973457f193cc754cd92b651c83291b3d60396eb18,30.0,Atmospheric Electric Guitar,2017,train,Attribution-NonCommercial 3.0 International,FMA
fma_ambient_133537,datasets/processed/fma_ambient_133537.mp3,Ambient,Ambient / Drone,Global / Western,fma_artist_21616,Free Music Archive (FMA),133537,a3cfba8cfad2923171f0e4025bc954479a81ee9a988b05f3d29050ba840a78d3,29.98,Atmospheric Electric Guitar,2017,train,Attribution-NonCommercial 3.0 International,FMA
fma_ambient_133538,datasets/processed/fma_ambient_133538.mp3,Ambient,Ambient / Drone,Global / Western,fma_artist_21616,Free Music Archive (FMA),133538,477b3c62e3072803978544ed8d753b6b4e85fa829e648dfe908440d3364b1dc2,29.98,Atmospheric Electric Guitar,2017,train,Attribution-NonCommercial 3.0 International,FMA
fma_ambient_133544,datasets/processed/fma_ambient_133544.mp3,Ambient,Ambient / Drone,Global / Western,fma_artist_21616,Free Music Archive (FMA),133544,a4624d593cf81ad14ac338d57e3a9852532ec4697c0facedde5bc3dbe43178c0,30.0,Atmospheric Electric Guitar,2017,train,Attribution-NonCommercial 3.0 International,FMA
fma_ambient_133545,datasets/processed/fma_ambient_133545.mp3,Ambient,Ambient / Drone,Global / Western,fma_artist_21616,Free Music Archive (FMA),133545,d42ccf052ddf5a930e41db35d6e3eb03aa3b1528270e8db56435c9b947c64b76,30.0,Atmospheric Electric Guitar,2017,train,Attribution-NonCommercial 3.0 International,FMA
fma_ambient_121472,datasets/processed/fma_ambient_121472.mp3,Ambient,Ambient / Drone,Global / Western,fma_artist_20315,Free Music Archive (FMA),121472,2b668695dd8b0c27c7f56f220e09827e72c8546887f50eb886ac85cfa1e0fc42,29.99,Emergence,2017,train,Attribution-NonCommercial 3.0 International,FMA
fma_ambient_121473,datasets/processed/fma_ambient_121473.mp3,Ambient,Ambient / Drone,Global / Western,fma_artist_20315,Free Music Archive (FMA),121473,69c27103deabbebdba8701d873d83e8cbca7d8d8673422b7a384c2fda3cbec85,29.99,Emergence,2017,train,Attribution-NonCommercial 3.0 International,FMA
fma_ambient_121474,datasets/processed/fma_ambient_121474.mp3,Ambient,Ambient / Drone,Global / Western,fma_artist_20315,Free Music Archive (FMA),121474,3b710ecdbd891635bd4b954d66f9b8e89a6d0946b34b0093905b6cd45ffd58b6,29.99,Emergence,2017,train,Attribution-NonCommercial 3.0 International,FMA
fma_ambient_121475,datasets/processed/fma_ambient_121475.mp3,Ambient,Ambient / Drone,Global / Western,fma_artist_20315,Free Music Archive (FMA),121475,63555ee85c35d01375434aaa5126c93487462d49e73ab053884ce51f89a279cb,29.99,Emergence,2017,train,Attribution-NonCommercial 3.0 International,FMA
fma_ambient_121651,datasets/processed/fma_ambient_121651.mp3,Ambient,Ambient / Drone,Global / Western,fma_artist_11939,Free Music Archive (FMA),121651,487d0fdcc3a11f200b83c00e58f865765237c731441f1d8f61f99d878b9ca4ed,29.98,A History of Water,2017,train,Attribution-NonCommercial-ShareAlike,FMA
fma_ambient_121652,datasets/processed/fma_ambient_121652.mp3,Ambient,Ambient / Drone,Global / Western,fma_artist_11939,Free Music Archive (FMA),121652,72732ddfac2481bba18eab144542ff1289bc7f6d6dac4444f65554ee4aa05764,30.0,A History of Water,2017,train,Attribution-NonCommercial-ShareAlike,FMA
fma_ambient_121653,datasets/processed/fma_ambient_121653.mp3,Ambient,Ambient / Drone,Global / Western,fma_artist_11939,Free Music Archive (FMA),121653,b7d34183292be728c5e6d0761ed55f167a34e20ce28eccc3373b4ca588c30998,29.98,A History of Water,2017,train,Attribution-NonCommercial-ShareAlike,FMA
fma_ambient_121654,datasets/processed/fma_ambient_121654.mp3,Ambient,Ambient / Drone,Global / Western,fma_artist_11939,Free Music Archive (FMA),121654,8999d4f62ea48a42b407578f8a3ed24521b3490dca038a6b04142f35902b230d,29.98,A History of Water,2017,train,Attribution-NonCommercial-ShareAlike,FMA
fma_ambient_121655,datasets/processed/fma_ambient_121655.mp3,Ambient,Ambient / Drone,Global / Western,fma_artist_11939,Free Music Archive (FMA),121655,9bfe8dace278c0e78310e22b299dd2e16e109918bd2708dc02edefdbb220f903,29.98,A History of Water,2017,train,Attribution-NonCommercial-ShareAlike,FMA
fma_ambient_075429,datasets/processed/fma_ambient_075429.mp3,Ambient,Ambient / Drone,Global / Western,fma_artist_3951,Free Music Archive (FMA),075429,1efab370a843df9dc2c482418d43c431da23d6eb9876153835a91a85f8123515,29.98,Drop a 4 note Soundtrack,2017,train,Attribution-NonCommercial-ShareAlike 3.0 International,FMA
fma_ambient_075430,datasets/processed/fma_ambient_075430.mp3,Ambient,Ambient / Drone,Global / Western,fma_artist_3951,Free Music Archive (FMA),075430,1a210ab2a4a9bac889dceb63838b94026d59110ff4ca7c457c46e39df35dc000,30.0,Drop a 4 note Soundtrack,2017,train,Attribution-NonCommercial-ShareAlike 3.0 International,FMA
fma_ambient_075431,datasets/processed/fma_ambient_075431.mp3,Ambient,Ambient / Drone,Global / Western,fma_artist_3951,Free Music Archive (FMA),075431,e3862de76f6e89595aa49b162dda138b49af017b47ee9b411fd122a240b53f10,29.98,Drop a 4 note Soundtrack,2017,train,Attribution-NonCommercial-ShareAlike 3.0 International,FMA
fma_ambient_075432,datasets/processed/fma_ambient_075432.mp3,Ambient,Ambient / Drone,Global / Western,fma_artist_3951,Free Music Archive (FMA),075432,d62043f1c54bb5290c38f8a0a8eaa05b1dba16432667d19d6864e708ff8b2a7c,29.98,Drop a 4 note Soundtrack,2017,train,Attribution-NonCommercial-ShareAlike 3.0 International,FMA
fma_ambient_075433,datasets/processed/fma_ambient_075433.mp3,Ambient,Ambient / Drone,Global / Western,fma_artist_3951,Free Music Archive (FMA),075433,6840a02d9abbe328a1d01da81b042ca042a872a08eea1b57297c74cc3cdb232c,29.98,Drop a 4 note Soundtrack,2017,train,Attribution-NonCommercial-ShareAlike 3.0 International,FMA
fma_ambient_075607,datasets/processed/fma_ambient_075607.mp3,Ambient,Ambient / Drone,Global / Western,fma_artist_7125,Free Music Archive (FMA),075607,29e67cf202851db9ad4b33687ac5ac1478a775b85bf0ba1592e311833645476f,29.98,Brace For Gravity,2017,train,Attribution-Noncommercial 3.0 United States,FMA
fma_ambient_075612,datasets/processed/fma_ambient_075612.mp3,Ambient,Ambient / Drone,Global / Western,fma_artist_7125,Free Music Archive (FMA),075612,448bced0e219bd74bab1760fd6181197dd18016386a2e808680e96f7da55b5e7,29.98,Brace For Gravity,2017,train,Attribution-Noncommercial 3.0 United States,FMA
fma_ambient_131980,datasets/processed/fma_ambient_131980.mp3,Ambient,Ambient / Drone,Global / Western,fma_artist_21628,Free Music Archive (FMA),131980,3740b00eeea5c4f393a753fbb66f054662f8247bfd83681c0c33d479f41a451f,29.98,Bear With Me,2017,train,Attribution-NonCommercial-ShareAlike,FMA
fma_ambient_131982,datasets/processed/fma_ambient_131982.mp3,Ambient,Ambient / Drone,Global / Western,fma_artist_21628,Free Music Archive (FMA),131982,d9391a757519d70e6b7e2bd18763fd5068b4b5e0d916ab6c80ff937fa05a59bb,30.0,Bear With Me,2017,train,Attribution-NonCommercial-ShareAlike,FMA
fma_ambient_131983,datasets/processed/fma_ambient_131983.mp3,Ambient,Ambient / Drone,Global / Western,fma_artist_21628,Free Music Archive (FMA),131983,fe397b18609def228505f1a0a395a1d4d7acec7095d3890ea0ad2e3fb3769063,29.98,Bear With Me,2017,train,Attribution-NonCommercial-ShareAlike,FMA
fma_ambient_131984,datasets/processed/fma_ambient_131984.mp3,Ambient,Ambient / Drone,Global / Western,fma_artist_21628,Free Music Archive (FMA),131984,c23d1595d4d8d7b76c54a2847840d2ba598233119d385b3144c05aae6593efdc,29.98,Bear With Me,2017,train,Attribution-NonCommercial-ShareAlike,FMA
fma_ambient_131985,datasets/processed/fma_ambient_131985.mp3,Ambient,Ambient / Drone,Global / Western,fma_artist_21628,Free Music Archive (FMA),131985,aabfdbc115fa7a07480fd94ec1cc49bd67b19141051939d488b42c386c7f651d,29.98,Bear With Me,2017,train,Attribution-NonCommercial-ShareAlike,FMA
fma_ambient_111220,datasets/processed/fma_ambient_111220.mp3,Ambient,Ambient / Drone,Global / Western,fma_artist_15547,Free Music Archive (FMA),111220,62dd1818ec1719907888fd44821e3f18ddb5c8059e59ef2d829ca4df246d9682,30.0,Traveller Soundtrack Selections,2017,train,Attribution-NonCommercial-ShareAlike,FMA
fma_ambient_111221,datasets/processed/fma_ambient_111221.mp3,Ambient,Ambient / Drone,Global / Western,fma_artist_15547,Free Music Archive (FMA),111221,3d4d63660950dc8c6473daa73131ad2e52d647c0bde6fb6783fc632b405ed8dd,29.98,Traveller Soundtrack Selections,2017,train,Attribution-NonCommercial-ShareAlike,FMA
fma_ambient_111222,datasets/processed/fma_ambient_111222.mp3,Ambient,Ambient / Drone,Global / Western,fma_artist_15547,Free Music Archive (FMA),111222,9224b19f3d4bfdfd71356388f5d3d2c9ade1ac03417c4c2922ee0e8877ea54bc,30.0,Traveller Soundtrack Selections,2017,train,Attribution-NonCommercial-ShareAlike,FMA
fma_ambient_111223,datasets/processed/fma_ambient_111223.mp3,Ambient,Ambient / Drone,Global / Western,fma_artist_15547,Free Music Archive (FMA),111223,1b59b8630f1e4c8dc8b40c64a28421096f55e64d326b8a9eaac23a8a7a98663e,30.0,Traveller Soundtrack Selections,2017,train,Attribution-NonCommercial-ShareAlike,FMA
fma_ambient_111224,datasets/processed/fma_ambient_111224.mp3,Ambient,Ambient / Drone,Global / Western,fma_artist_15547,Free Music Archive (FMA),111224,ebe015d7c633faa5c62daa728a924eb0c64291250f113a9babbabd7f4ff43f86,30.0,Traveller Soundtrack Selections,2017,train,Attribution-NonCommercial-ShareAlike,FMA
fma_ambient_111793,datasets/processed/fma_ambient_111793.mp3,Ambient,Ambient / Drone,Global / Western,fma_artist_19188,Free Music Archive (FMA),111793,5330ead23e516cd2d6a6bf4fcff2af6949ce91dea2a863330706797fc6f8ede8,29.98,Silence of the Noise,2017,train,Attribution-NonCommercial-ShareAlike,FMA
fma_ambient_111871,datasets/processed/fma_ambient_111871.mp3,Ambient,Ambient / Drone,Global / Western,fma_artist_17984,Free Music Archive (FMA),111871,5c491c596b0b078a476e408242ae6b5d33474e14f3f2d4b7fcc223a4e8cad15f,29.98,Works 1999-2002,2017,train,Attribution-NonCommercial-ShareAlike,FMA
fma_ambient_111872,datasets/processed/fma_ambient_111872.mp3,Ambient,Ambient / Drone,Global / Western,fma_artist_17984,Free Music Archive (FMA),111872,115cb923780df24cecc06e4f65409b7c9396118cf62e0074ac1060a5ddd37c61,29.98,Works 1999-2002,2017,train,Attribution-NonCommercial-ShareAlike,FMA
fma_ambient_111873,datasets/processed/fma_ambient_111873.mp3,Ambient,Ambient / Drone,Global / Western,fma_artist_19192,Free Music Archive (FMA),111873,1e89f452c4adc9c7134c0c3412efad7dc3df97d00172a216a239b06182667324,30.0,Works 1999-2002,2017,train,Attribution-NonCommercial-ShareAlike,FMA
fma_ambient_111994,datasets/processed/fma_ambient_111994.mp3,Ambient,Ambient / Drone,Global / Western,fma_artist_19213,Free Music Archive (FMA),111994,d0f1c213cdd6d99238f6e11b0c844f8b64847e98cd07697c26f841d092c952b0,30.0,Signal,2017,train,Attribution-NonCommercial-ShareAlike,FMA
fma_ambient_108017,datasets/processed/fma_ambient_108017.mp3,Ambient,Ambient / Drone,Global / Western,fma_artist_2008,Free Music Archive (FMA),108017,edc5a737bb469a72fed924205b3105f0fe4aeeac8055784f76e01a8b95368c80,30.0,All These Simple Things,2017,train,Attribution-NonCommercial,FMA
fma_ambient_108018,datasets/processed/fma_ambient_108018.mp3,Ambient,Ambient / Drone,Global / Western,fma_artist_2008,Free Music Archive (FMA),108018,8410630150cec7171359bae4caff063a0f12dfb13c5efcbe2f014c8369bddfa8,29.98,All These Simple Things,2017,train,Attribution-NonCommercial,FMA
fma_ambient_108019,datasets/processed/fma_ambient_108019.mp3,Ambient,Ambient / Drone,Global / Western,fma_artist_2008,Free Music Archive (FMA),108019,0e8e54127534a749ea851dde2685dad4d62e601935faead268cb05843b78c325,29.98,All These Simple Things,2017,train,Attribution-NonCommercial,FMA
fma_ambient_108020,datasets/processed/fma_ambient_108020.mp3,Ambient,Ambient / Drone,Global / Western,fma_artist_2008,Free Music Archive (FMA),108020,81fc9aab318dcd14980e74519bf6f82f41801e94acc39e0c55e90417c2f7f1d6,29.98,All These Simple Things,2017,train,Attribution-NonCommercial,FMA
fma_ambient_108021,datasets/processed/fma_ambient_108021.mp3,Ambient,Ambient / Drone,Global / Western,fma_artist_2008,Free Music Archive (FMA),108021,99dbdf575fc31fd752c59fff6f38cc0f2668884ae4d565ce152d55e105433d0f,30.0,All These Simple Things,2017,train,Attribution-NonCommercial,FMA
fma_ambient_134443,datasets/processed/fma_ambient_134443.mp3,Ambient,Ambient / Drone,Global / Western,fma_artist_21803,Free Music Archive (FMA),134443,725cd5f8a474a8115a26313d42d68ce06dbbdfe806c97e688c7ee5a927bd531f,30.0,This train doesn't stop at Rugby,2017,train,CC0 1.0 Universal,FMA
fma_ambient_134444,datasets/processed/fma_ambient_134444.mp3,Ambient,Ambient / Drone,Global / Western,fma_artist_21803,Free Music Archive (FMA),134444,dbb97a2ba9ad79af010ef4f8b2faf592928246cbc329f3fa5066e39ca0e06119,29.98,This train doesn't stop at Rugby,2017,train,CC0 1.0 Universal,FMA
fma_ambient_134445,datasets/processed/fma_ambient_134445.mp3,Ambient,Ambient / Drone,Global / Western,fma_artist_21803,Free Music Archive (FMA),134445,f6cfdf3470375c217ecb334d1ab8557487ed1a865a1148c82720f68ee5d223f5,29.98,This train doesn't stop at Rugby,2017,train,CC0 1.0 Universal,FMA
fma_ambient_134449,datasets/processed/fma_ambient_134449.mp3,Ambient,Ambient / Drone,Global / Western,fma_artist_21803,Free Music Archive (FMA),134449,0a06325aa01f8133221f2600739c63e493fbe17971201ed166eee92e4baf51af,30.0,This train doesn't stop at Rugby,2017,train,CC0 1.0 Universal,FMA
fma_ambient_134452,datasets/processed/fma_ambient_134452.mp3,Ambient,Ambient / Drone,Global / Western,fma_artist_21803,Free Music Archive (FMA),134452,0b0942b8b6522d3b9a786297b6199ad6b1567e69fc48c3b4a378bedd641f5d44,29.98,This train doesn't stop at Rugby,2017,train,CC0 1.0 Universal,FMA
fma_ambient_134580,datasets/processed/fma_ambient_134580.mp3,Ambient,Ambient / Drone,Global / Western,fma_artist_20760,Free Music Archive (FMA),134580,e3d913579c1992c47aa3ece58f6f5594b3e2b590caa0047c6d69187e4512e144,30.0,Northern City's Secret,2017,train,Attribution-NonCommercial,FMA
fma_ambient_134586,datasets/processed/fma_ambient_134586.mp3,Ambient,Ambient / Drone,Global / Western,fma_artist_20760,Free Music Archive (FMA),134586,efb9bb168864a26b89c01414409726828e87710c2d31065f6da5ee67d517fbf2,29.98,Northern City's Secret,2017,train,Attribution,FMA
fma_ambient_092947,datasets/processed/fma_ambient_092947.mp3,Ambient,Ambient / Drone,Global / Western,fma_artist_17278,Free Music Archive (FMA),092947,21b91d83790980ad10156758585d05967cc4013c2665d917d39701a75a56a2e6,29.98,Tamara and Demon,2017,train,Attribution-NonCommercial-ShareAlike 3.0 International,FMA
fma_ambient_092948,datasets/processed/fma_ambient_092948.mp3,Ambient,Ambient / Drone,Global / Western,fma_artist_17278,Free Music Archive (FMA),092948,a71849094f407b16f31c1b914ec58b5d0f59af543c210ea97ba35dde1eccaf04,30.0,Tamara and Demon,2017,train,Attribution-NonCommercial-ShareAlike 3.0 International,FMA
fma_ambient_092949,datasets/processed/fma_ambient_092949.mp3,Ambient,Ambient / Drone,Global / Western,fma_artist_17278,Free Music Archive (FMA),092949,d4a1bcb3b582737cabead16d31076d6c471a220d0cb26d7ded2fac2fc237fdb0,30.0,Tamara and Demon,2017,train,Attribution-NonCommercial-ShareAlike 3.0 International,FMA
fma_ambient_092950,datasets/processed/fma_ambient_092950.mp3,Ambient,Ambient / Drone,Global / Western,fma_artist_17278,Free Music Archive (FMA),092950,2d1b56e219888fc362fcd7fe2d0f774a7a8c4e6bf28314b885702f9d6b635e52,29.98,Tamara and Demon,2017,train,Attribution-NonCommercial-ShareAlike 3.0 International,FMA
fma_ambient_092951,datasets/processed/fma_ambient_092951.mp3,Ambient,Ambient / Drone,Global / Western,fma_artist_17278,Free Music Archive (FMA),092951,04b72cd901008b0b8abccdfcafbbd7db032f844861eecfbae420d378c81dac0f,30.0,Tamara and Demon,2017,train,Attribution-NonCommercial-ShareAlike 3.0 International,FMA
fma_ambient_045387,datasets/processed/fma_ambient_045387.mp3,Ambient,Ambient / Drone,Global / Western,fma_artist_10458,Free Music Archive (FMA),045387,0151e8354dae0f031d7864c1993ebe830d9d8cfc11175e17ec43ed168e4f2963,30.0,Sauvignon Valley,2017,train,Attribution-NonCommercial-ShareAlike 3.0 International,FMA
fma_ambient_045388,datasets/processed/fma_ambient_045388.mp3,Ambient,Ambient / Drone,Global / Western,fma_artist_10458,Free Music Archive (FMA),045388,5d531bd8e7a298d64e09e3ed518e2c73b110dfbe192360ae3a9706f81ec71d95,30.0,Sauvignon Valley,2017,train,Attribution-NonCommercial-ShareAlike 3.0 International,FMA
fma_ambient_045389,datasets/processed/fma_ambient_045389.mp3,Ambient,Ambient / Drone,Global / Western,fma_artist_10458,Free Music Archive (FMA),045389,53c384b5da44ab48fde325679ab551d692fccb21416f36204434d5820e010ac4,30.0,Sauvignon Valley,2017,train,Attribution-NonCommercial-ShareAlike 3.0 International,FMA
fma_ambient_045390,datasets/processed/fma_ambient_045390.mp3,Ambient,Ambient / Drone,Global / Western,fma_artist_10458,Free Music Archive (FMA),045390,39706fc10ced1b9cd27a6dedddd76745dc1078dff80c533730823570d29ab97a,29.98,Sauvignon Valley,2017,train,Attribution-NonCommercial-ShareAlike 3.0 International,FMA
fma_ambient_045391,datasets/processed/fma_ambient_045391.mp3,Ambient,Ambient / Drone,Global / Western,fma_artist_10458,Free Music Archive (FMA),045391,753c156e4be5548d514effd536c5d49ba28ef0aedf7837aec9b81eb71e846c6f,29.98,Sauvignon Valley,2017,train,Attribution-NonCommercial-ShareAlike 3.0 International,FMA
fma_ambient_090526,datasets/processed/fma_ambient_090526.mp3,Ambient,Ambient / Drone,Global / Western,fma_artist_16986,Free Music Archive (FMA),090526,57669463f7e72d8b267fb5b93358ddaa5b8dae158e7f1a2a669aaece438de833,29.98,Teal,2017,train,Attribution-NoDerivatives 3.0 International,FMA
fma_ambient_090527,datasets/processed/fma_ambient_090527.mp3,Ambient,Ambient / Drone,Global / Western,fma_artist_16986,Free Music Archive (FMA),090527,d70b5e7364d961ada6342fd8c8bf099392dbeac20ce702424508f18b9156e887,30.0,Teal,2017,train,Attribution-NoDerivatives 3.0 International,FMA
fma_ambient_090529,datasets/processed/fma_ambient_090529.mp3,Ambient,Ambient / Drone,Global / Western,fma_artist_16986,Free Music Archive (FMA),090529,cb131725c72e7d4c264e25db34a9140409835313606155b2d5826efcc6aa0ddb,29.98,Teal,2017,train,Attribution-NoDerivatives 3.0 International,FMA
fma_ambient_090530,datasets/processed/fma_ambient_090530.mp3,Ambient,Ambient / Drone,Global / Western,fma_artist_16986,Free Music Archive (FMA),090530,d6c124fa846fa26faf9440c7f77870ec5d305d9ae102d36a3396d2c7a3ca5692,29.98,Teal,2017,train,Attribution-NoDerivatives 3.0 International,FMA
fma_ambient_090616,datasets/processed/fma_ambient_090616.mp3,Ambient,Ambient / Drone,Global / Western,fma_artist_16986,Free Music Archive (FMA),090616,9696e12f8bb221de40cb30a29b85550f0045ac4e8bf438017730babcfdaa6a97,30.0,Teal,2017,train,Attribution-NoDerivatives 3.0 International,FMA
fma_ambient_094033,datasets/processed/fma_ambient_094033.mp3,Ambient,Ambient / Drone,Global / Western,fma_artist_17361,Free Music Archive (FMA),094033,5f69ed3a025947fdb1b85e4cf06ffef3ae01a8028357f16c8622d77072cb701c,29.98,Tales For Mind,2017,train,Attribution-NonCommercial-NoDerivatives (aka Music Sharing) 3.0 International,FMA
fma_ambient_094034,datasets/processed/fma_ambient_094034.mp3,Ambient,Ambient / Drone,Global / Western,fma_artist_17361,Free Music Archive (FMA),094034,40b791bdf3bdb437aaaaf76a5510f6a2480f6c39b07be275b590e0152616e8ad,30.0,Tales For Mind,2017,train,Attribution-NonCommercial-NoDerivatives (aka Music Sharing) 3.0 International,FMA
fma_ambient_094035,datasets/processed/fma_ambient_094035.mp3,Ambient,Ambient / Drone,Global / Western,fma_artist_17361,Free Music Archive (FMA),094035,6e66e0f6ccb2c0cd69b6cef480bdf93d3df7bc40fa5b5db509d4dade3117254e,30.0,Tales For Mind,2017,train,Attribution-NonCommercial-NoDerivatives (aka Music Sharing) 3.0 International,FMA
fma_ambient_094036,datasets/processed/fma_ambient_094036.mp3,Ambient,Ambient / Drone,Global / Western,fma_artist_17361,Free Music Archive (FMA),094036,ba2e19f44af796e1ab7485c6ca733e11c4953abb6fe941944df79cbfcae427e3,30.0,Tales For Mind,2017,train,Attribution-NonCommercial-NoDerivatives (aka Music Sharing) 3.0 International,FMA
fma_ambient_094037,datasets/processed/fma_ambient_094037.mp3,Ambient,Ambient / Drone,Global / Western,fma_artist_17361,Free Music Archive (FMA),094037,be435ce72174d21117495d936cdb1076a65aa3f62e15eddaa9bb7a49d9b31427,29.98,Tales For Mind,2017,train,Attribution-NonCommercial-NoDerivatives (aka Music Sharing) 3.0 International,FMA
fma_ambient_142381,datasets/processed/fma_ambient_142381.mp3,Ambient,Ambient / Drone,Global / Western,fma_artist_22667,Free Music Archive (FMA),142381,0b74a592daf03f674789105da2b3a9ee91cb60faf7bbd3a63a2df4e45f5ead7f,29.98,Point 0,2017,train,Creative Commons Attribution-NonCommercial-NoDerivatives 4.0,FMA
fma_ambient_093915,datasets/processed/fma_ambient_093915.mp3,Ambient,Ambient / Drone,Global / Western,fma_artist_13262,Free Music Archive (FMA),093915,a29a71cb720925d12590aed9ffde8fbf7ebc0828246e9457ae239f6be5c7da99,29.98,Viikinsaari,2017,train,Attribution-ShareAlike 3.0 International,FMA
fma_ambient_093917,datasets/processed/fma_ambient_093917.mp3,Ambient,Ambient / Drone,Global / Western,fma_artist_13262,Free Music Archive (FMA),093917,00afdb5a9f9817e8072ca40d03b2ca03df6d7c1622428cc6447a5a6ba1fcde57,29.98,Viikinsaari,2017,train,Attribution-ShareAlike 3.0 International,FMA
fma_ambient_093918,datasets/processed/fma_ambient_093918.mp3,Ambient,Ambient / Drone,Global / Western,fma_artist_13262,Free Music Archive (FMA),093918,dea4937658f663c5e336719b871158d7cb9c2ed9064cb2ae7f8d4d1225df2392,29.98,Viikinsaari,2017,train,Attribution-ShareAlike 3.0 International,FMA
fma_ambient_093919,datasets/processed/fma_ambient_093919.mp3,Ambient,Ambient / Drone,Global / Western,fma_artist_13262,Free Music Archive (FMA),093919,c156edc6ec30fac26748b6e82a91aa7bb88cb9ae102b065cc66b1353439be875,29.98,Viikinsaari,2017,train,Attribution-ShareAlike 3.0 International,FMA
fma_ambient_093920,datasets/processed/fma_ambient_093920.mp3,Ambient,Ambient / Drone,Global / Western,fma_artist_13262,Free Music Archive (FMA),093920,b007f36d2c02a47309dc06ca0d945d17cac8039fd4ad67bf4dc3764966dd4ecc,29.98,Viikinsaari,2017,train,Attribution-ShareAlike 3.0 International,FMA
fma_ambient_126316,datasets/processed/fma_ambient_126316.mp3,Ambient,Ambient / Drone,Global / Western,fma_artist_20987,Free Music Archive (FMA),126316,4a04ee32b1396bd2a8f6f3e9d8ff7e8f0cd33076d8e20c954311651076404f0c,29.99,In Acoustics,2017,train,Creative Commons Attribution-NonCommercial-NoDerivatives 4.0,FMA
fma_ambient_126317,datasets/processed/fma_ambient_126317.mp3,Ambient,Ambient / Drone,Global / Western,fma_artist_20987,Free Music Archive (FMA),126317,d090a15a036b99023233509bb045fb65b01148c4a0c8bd2449dae66444964cc1,29.99,In Acoustics,2017,train,Creative Commons Attribution-NonCommercial-NoDerivatives 4.0,FMA
fma_ambient_126318,datasets/processed/fma_ambient_126318.mp3,Ambient,Ambient / Drone,Global / Western,fma_artist_20987,Free Music Archive (FMA),126318,7680ba06d0e7ad5fcbc14ae173a20463f89fcd9a5744334ae80f4eae0cf296d3,29.99,In Acoustics,2017,train,Creative Commons Attribution-NonCommercial-NoDerivatives 4.0,FMA
fma_ambient_126319,datasets/processed/fma_ambient_126319.mp3,Ambient,Ambient / Drone,Global / Western,fma_artist_20987,Free Music Archive (FMA),126319,f6706aaf95f8acca1f413a3f08857bc42e919a76b8ca22a3a224f428c95b9cf8,29.99,In Acoustics,2017,train,Creative Commons Attribution-NonCommercial-NoDerivatives 4.0,FMA
fma_ambient_126320,datasets/processed/fma_ambient_126320.mp3,Ambient,Ambient / Drone,Global / Western,fma_artist_20987,Free Music Archive (FMA),126320,9c58158012581079993eea8c70fff19fdc8232766095108cceeb28f6058eb3a8,29.99,In Acoustics,2017,train,Creative Commons Attribution-NonCommercial-NoDerivatives 4.0,FMA
fma_ambient_107531,datasets/processed/fma_ambient_107531.mp3,Ambient,Ambient / Drone,Global / Western,fma_artist_18775,Free Music Archive (FMA),107531,fade7667939bfe3b31a7350aa02b708ffde13ef1f419cc6d65c80a042935f020,29.98,Last Summer,2017,train,Attribution-NonCommercial-ShareAlike,FMA
fma_ambient_107532,datasets/processed/fma_ambient_107532.mp3,Ambient,Ambient / Drone,Global / Western,fma_artist_18775,Free Music Archive (FMA),107532,95191b5f9bd2b354993320e761db570a06ac3ff30f52d21cdc98bf57d518f0ed,29.98,Last Summer,2017,train,Attribution-NonCommercial-ShareAlike,FMA
